panel,algorithm,samples,nodes,edges,ci_tests,median_elapsed_seconds,temporal_flag_count
attrition,fci,5744,9,14,1705,4.567738916999588,1
attrition,fci_plus,5744,9,17,793,4.1179089170000225,0
longitudinal,fci,2787,9,10,960,3.5765797500007466,0
longitudinal,fci_plus,2787,9,13,335,0.8051828749994456,1
focused_treatment,fci,2976,8,10,291,0.7542699580008048,0
focused_treatment,fci_plus,2976,8,10,185,0.33033154099939566,0
attrition,pcalg_fci_plus,5744,9,13,1191,10.394,0
longitudinal,pcalg_fci_plus,2787,9,12,475,1.64999999999999,1
focused_treatment,pcalg_fci_plus,2976,8,10,256,0.884000000000015,0
