case,scenario,repeat,n_samples,n_variables,oracle_edges,algorithm,algorithm_family,tool,software_version,profile,configuration,ci_test_method,alpha_policy,effective_alpha,timing_scope,status,skipped_reason,skeleton_f1,exact_edge_f1,semantic_edge_f1,endpoint_accuracy,elapsed_seconds,ci_test_count,cache_hits,learned_edges
hospital_triage_r1,hospital_triage,1,2500,7,7,fci_engine.fci,FCI,fci_engine,0.1.0,spirtes_2000_paper,"{""alpha"": 0.001, ""background_knowledge"": null, ""ci_test"": null, ""conservative_colliders"": false, ""conservative_orientation"": false, ""do_pdsep"": true, ""max_cond_set_size"": null, ""max_path_length"": null, ""orientation_strategy"": ""spirtes_2000"", ""pdsep_stable"": true, ""sepset_selection"": ""first"", ""skeleton_stable"": false, ""sparsity_bound"": null, ""verbose"": false}",fisher_z,fixed,0.001,in_process_algorithm_call,completed,,1.0,0.5714285714285714,0.8571428571428571,0.7857142857142857,0.014363334004883654,316,0,"[{""endpoint_x"":""CIRCLE"",""endpoint_y"":""ARROW"",""x"":""Comorbidity"",""y"":""Inflammation""},{""endpoint_x"":""CIRCLE"",""endpoint_y"":""ARROW"",""x"":""GeneticRisk"",""y"":""Inflammation""},{""endpoint_x"":""ARROW"",""endpoint_y"":""ARROW"",""x"":""Inflammation"",""y"":""Oxygen""},{""endpoint_x"":""TAIL"",""endpoint_y"":""ARROW"",""x"":""Inflammation"",""y"":""Treatment""},{""endpoint_x"":""ARROW"",""endpoint_y"":""ARROW"",""x"":""Oxygen"",""y"":""Recovery""},{""endpoint_x"":""CIRCLE"",""endpoint_y"":""ARROW"",""x"":""Protocol"",""y"":""Treatment""},{""endpoint_x"":""ARROW"",""endpoint_y"":""ARROW"",""x"":""Treatment"",""y"":""Recovery""}]"
hospital_triage_r1,hospital_triage,1,2500,7,7,fci_engine.fci_plus,FCI+,fci_engine,0.1.0,claassen_2013_paper,"{""alpha"": 0.001, ""background_knowledge"": null, ""ci_test"": null, ""conservative_colliders"": false, ""conservative_orientation"": false, ""do_pdsep"": false, ""max_cond_set_size"": 3, ""max_path_length"": null, ""orientation_strategy"": ""standard"", ""pdsep_stable"": false, ""sepset_selection"": ""first"", ""skeleton_stable"": false, ""sparsity_bound"": 3, ""verbose"": false}",fisher_z,fixed,0.001,in_process_algorithm_call,completed,,1.0,0.5714285714285714,0.8571428571428571,0.7857142857142857,0.006602375004149508,129,0,"[{""endpoint_x"":""CIRCLE"",""endpoint_y"":""ARROW"",""x"":""Comorbidity"",""y"":""Inflammation""},{""endpoint_x"":""CIRCLE"",""endpoint_y"":""ARROW"",""x"":""GeneticRisk"",""y"":""Inflammation""},{""endpoint_x"":""ARROW"",""endpoint_y"":""ARROW"",""x"":""Inflammation"",""y"":""Oxygen""},{""endpoint_x"":""TAIL"",""endpoint_y"":""ARROW"",""x"":""Inflammation"",""y"":""Treatment""},{""endpoint_x"":""ARROW"",""endpoint_y"":""ARROW"",""x"":""Oxygen"",""y"":""Recovery""},{""endpoint_x"":""CIRCLE"",""endpoint_y"":""ARROW"",""x"":""Protocol"",""y"":""Treatment""},{""endpoint_x"":""ARROW"",""endpoint_y"":""ARROW"",""x"":""Treatment"",""y"":""Recovery""}]"
hospital_triage_r1,hospital_triage,1,2500,7,7,fci_engine.fci_plus.robust,FCI+,fci_engine,0.1.0,practical_robust,"{""alpha"": ""auto"", ""background_knowledge"": null, ""ci_test"": null, ""conservative_colliders"": true, ""conservative_orientation"": false, ""do_pdsep"": false, ""max_cond_set_size"": 3, ""max_path_length"": 4, ""orientation_strategy"": ""robust"", ""pdsep_stable"": true, ""sepset_selection"": ""max_pvalue"", ""skeleton_stable"": true, ""sparsity_bound"": 3, ""verbose"": false}",fisher_z,sample_size_auto,0.01,in_process_algorithm_call,completed,,1.0,0.7142857142857143,1.0,0.8571428571428571,0.009815000004891772,253,21,"[{""endpoint_x"":""CIRCLE"",""endpoint_y"":""ARROW"",""x"":""Comorbidity"",""y"":""Inflammation""},{""endpoint_x"":""CIRCLE"",""endpoint_y"":""ARROW"",""x"":""GeneticRisk"",""y"":""Inflammation""},{""endpoint_x"":""ARROW"",""endpoint_y"":""CIRCLE"",""x"":""Inflammation"",""y"":""Oxygen""},{""endpoint_x"":""CIRCLE"",""endpoint_y"":""ARROW"",""x"":""Inflammation"",""y"":""Treatment""},{""endpoint_x"":""CIRCLE"",""endpoint_y"":""ARROW"",""x"":""Oxygen"",""y"":""Recovery""},{""endpoint_x"":""CIRCLE"",""endpoint_y"":""ARROW"",""x"":""Protocol"",""y"":""Treatment""},{""endpoint_x"":""CIRCLE"",""endpoint_y"":""ARROW"",""x"":""Treatment"",""y"":""Recovery""}]"
hospital_triage_r1,hospital_triage,1,2500,7,7,causal-learn.fci.fisherz,FCI,causal-learn,0.1.4.7,documented_fci_api,"{""alpha"": 0.001, ""depth"": 3, ""max_path_length"": 4}",fisherz,fixed,0.001,in_process_algorithm_call,completed,,1.0,0.5714285714285714,0.8571428571428571,0.7857142857142857,0.0064395419976790436,,,"[{""endpoint_x"":""CIRCLE"",""endpoint_y"":""ARROW"",""x"":""Comorbidity"",""y"":""Inflammation""},{""endpoint_x"":""CIRCLE"",""endpoint_y"":""ARROW"",""x"":""GeneticRisk"",""y"":""Inflammation""},{""endpoint_x"":""ARROW"",""endpoint_y"":""ARROW"",""x"":""Inflammation"",""y"":""Oxygen""},{""endpoint_x"":""TAIL"",""endpoint_y"":""ARROW"",""x"":""Inflammation"",""y"":""Treatment""},{""endpoint_x"":""ARROW"",""endpoint_y"":""ARROW"",""x"":""Oxygen"",""y"":""Recovery""},{""endpoint_x"":""CIRCLE"",""endpoint_y"":""ARROW"",""x"":""Protocol"",""y"":""Treatment""},{""endpoint_x"":""ARROW"",""endpoint_y"":""ARROW"",""x"":""Treatment"",""y"":""Recovery""}]"
hospital_triage_r1,hospital_triage,1,2500,7,7,pcalg.fciPlus,FCI+,pcalg,2.7.12,pcalg_fciPlus_default,"{""alpha"": 0.001, ""indepTest"": ""gaussCItest"", ""selectionBias"": true}",gaussCItest,fixed,0.001,external_R_process_including_startup,completed,,1.0,0.5714285714285714,0.8571428571428571,0.7857142857142857,0.5267882499974803,,,"[{""endpoint_x"":""CIRCLE"",""endpoint_y"":""ARROW"",""x"":""Comorbidity"",""y"":""Inflammation""},{""endpoint_x"":""CIRCLE"",""endpoint_y"":""ARROW"",""x"":""GeneticRisk"",""y"":""Inflammation""},{""endpoint_x"":""ARROW"",""endpoint_y"":""ARROW"",""x"":""Inflammation"",""y"":""Oxygen""},{""endpoint_x"":""TAIL"",""endpoint_y"":""ARROW"",""x"":""Inflammation"",""y"":""Treatment""},{""endpoint_x"":""ARROW"",""endpoint_y"":""ARROW"",""x"":""Oxygen"",""y"":""Recovery""},{""endpoint_x"":""CIRCLE"",""endpoint_y"":""ARROW"",""x"":""Protocol"",""y"":""Treatment""},{""endpoint_x"":""ARROW"",""endpoint_y"":""ARROW"",""x"":""Treatment"",""y"":""Recovery""}]"
microservice_incident_r1,microservice_incident,1,2500,7,7,fci_engine.fci,FCI,fci_engine,0.1.0,spirtes_2000_paper,"{""alpha"": 0.001, ""background_knowledge"": null, ""ci_test"": null, ""conservative_colliders"": false, ""conservative_orientation"": false, ""do_pdsep"": true, ""max_cond_set_size"": null, ""max_path_length"": null, ""orientation_strategy"": ""spirtes_2000"", ""pdsep_stable"": true, ""sepset_selection"": ""first"", ""skeleton_stable"": false, ""sparsity_bound"": null, ""verbose"": false}",fisher_z,fixed,0.001,in_process_algorithm_call,completed,,1.0,0.5714285714285714,1.0,0.7857142857142857,0.010542500000155997,224,0,"[{""endpoint_x"":""TAIL"",""endpoint_y"":""ARROW"",""x"":""AuthLatency"",""y"":""ErrorRate""},{""endpoint_x"":""ARROW"",""endpoint_y"":""ARROW"",""x"":""AuthLatency"",""y"":""PaymentLatency""},{""endpoint_x"":""CIRCLE"",""endpoint_y"":""ARROW"",""x"":""CacheHit"",""y"":""PaymentLatency""},{""endpoint_x"":""CIRCLE"",""endpoint_y"":""ARROW"",""x"":""Deploy"",""y"":""ErrorRate""},{""endpoint_x"":""TAIL"",""endpoint_y"":""ARROW"",""x"":""PaymentLatency"",""y"":""ErrorRate""},{""endpoint_x"":""CIRCLE"",""endpoint_y"":""ARROW"",""x"":""QueueDepth"",""y"":""AuthLatency""},{""endpoint_x"":""CIRCLE"",""endpoint_y"":""CIRCLE"",""x"":""Traffic"",""y"":""QueueDepth""}]"
microservice_incident_r1,microservice_incident,1,2500,7,7,fci_engine.fci_plus,FCI+,fci_engine,0.1.0,claassen_2013_paper,"{""alpha"": 0.001, ""background_knowledge"": null, ""ci_test"": null, ""conservative_colliders"": false, ""conservative_orientation"": false, ""do_pdsep"": false, ""max_cond_set_size"": 3, ""max_path_length"": null, ""orientation_strategy"": ""standard"", ""pdsep_stable"": false, ""sepset_selection"": ""first"", ""skeleton_stable"": false, ""sparsity_bound"": 3, ""verbose"": false}",fisher_z,fixed,0.001,in_process_algorithm_call,completed,,1.0,0.5714285714285714,1.0,0.7857142857142857,0.0067341250032768585,119,0,"[{""endpoint_x"":""TAIL"",""endpoint_y"":""ARROW"",""x"":""AuthLatency"",""y"":""ErrorRate""},{""endpoint_x"":""ARROW"",""endpoint_y"":""ARROW"",""x"":""AuthLatency"",""y"":""PaymentLatency""},{""endpoint_x"":""CIRCLE"",""endpoint_y"":""ARROW"",""x"":""CacheHit"",""y"":""PaymentLatency""},{""endpoint_x"":""CIRCLE"",""endpoint_y"":""ARROW"",""x"":""Deploy"",""y"":""ErrorRate""},{""endpoint_x"":""TAIL"",""endpoint_y"":""ARROW"",""x"":""PaymentLatency"",""y"":""ErrorRate""},{""endpoint_x"":""CIRCLE"",""endpoint_y"":""ARROW"",""x"":""QueueDepth"",""y"":""AuthLatency""},{""endpoint_x"":""CIRCLE"",""endpoint_y"":""CIRCLE"",""x"":""Traffic"",""y"":""QueueDepth""}]"
microservice_incident_r1,microservice_incident,1,2500,7,7,fci_engine.fci_plus.robust,FCI+,fci_engine,0.1.0,practical_robust,"{""alpha"": ""auto"", ""background_knowledge"": null, ""ci_test"": null, ""conservative_colliders"": true, ""conservative_orientation"": false, ""do_pdsep"": false, ""max_cond_set_size"": 3, ""max_path_length"": 4, ""orientation_strategy"": ""robust"", ""pdsep_stable"": true, ""sepset_selection"": ""max_pvalue"", ""skeleton_stable"": true, ""sparsity_bound"": 3, ""verbose"": false}",fisher_z,sample_size_auto,0.01,in_process_algorithm_call,completed,,1.0,0.8571428571428571,1.0,0.9285714285714286,0.008239791000960395,194,0,"[{""endpoint_x"":""CIRCLE"",""endpoint_y"":""ARROW"",""x"":""AuthLatency"",""y"":""ErrorRate""},{""endpoint_x"":""ARROW"",""endpoint_y"":""ARROW"",""x"":""AuthLatency"",""y"":""PaymentLatency""},{""endpoint_x"":""CIRCLE"",""endpoint_y"":""ARROW"",""x"":""CacheHit"",""y"":""PaymentLatency""},{""endpoint_x"":""CIRCLE"",""endpoint_y"":""ARROW"",""x"":""Deploy"",""y"":""ErrorRate""},{""endpoint_x"":""CIRCLE"",""endpoint_y"":""ARROW"",""x"":""PaymentLatency"",""y"":""ErrorRate""},{""endpoint_x"":""CIRCLE"",""endpoint_y"":""ARROW"",""x"":""QueueDepth"",""y"":""AuthLatency""},{""endpoint_x"":""CIRCLE"",""endpoint_y"":""CIRCLE"",""x"":""Traffic"",""y"":""QueueDepth""}]"
microservice_incident_r1,microservice_incident,1,2500,7,7,causal-learn.fci.fisherz,FCI,causal-learn,0.1.4.7,documented_fci_api,"{""alpha"": 0.001, ""depth"": 3, ""max_path_length"": 4}",fisherz,fixed,0.001,in_process_algorithm_call,completed,,1.0,0.5714285714285714,1.0,0.7857142857142857,0.006027499999618158,,,"[{""endpoint_x"":""TAIL"",""endpoint_y"":""ARROW"",""x"":""AuthLatency"",""y"":""ErrorRate""},{""endpoint_x"":""ARROW"",""endpoint_y"":""ARROW"",""x"":""AuthLatency"",""y"":""PaymentLatency""},{""endpoint_x"":""CIRCLE"",""endpoint_y"":""ARROW"",""x"":""CacheHit"",""y"":""PaymentLatency""},{""endpoint_x"":""CIRCLE"",""endpoint_y"":""ARROW"",""x"":""Deploy"",""y"":""ErrorRate""},{""endpoint_x"":""TAIL"",""endpoint_y"":""ARROW"",""x"":""PaymentLatency"",""y"":""ErrorRate""},{""endpoint_x"":""CIRCLE"",""endpoint_y"":""ARROW"",""x"":""QueueDepth"",""y"":""AuthLatency""},{""endpoint_x"":""CIRCLE"",""endpoint_y"":""CIRCLE"",""x"":""Traffic"",""y"":""QueueDepth""}]"
microservice_incident_r1,microservice_incident,1,2500,7,7,pcalg.fciPlus,FCI+,pcalg,2.7.12,pcalg_fciPlus_default,"{""alpha"": 0.001, ""indepTest"": ""gaussCItest"", ""selectionBias"": true}",gaussCItest,fixed,0.001,external_R_process_including_startup,completed,,1.0,0.5714285714285714,1.0,0.7857142857142857,0.49116158300603274,,,"[{""endpoint_x"":""TAIL"",""endpoint_y"":""ARROW"",""x"":""AuthLatency"",""y"":""ErrorRate""},{""endpoint_x"":""ARROW"",""endpoint_y"":""ARROW"",""x"":""AuthLatency"",""y"":""PaymentLatency""},{""endpoint_x"":""CIRCLE"",""endpoint_y"":""ARROW"",""x"":""CacheHit"",""y"":""PaymentLatency""},{""endpoint_x"":""CIRCLE"",""endpoint_y"":""ARROW"",""x"":""Deploy"",""y"":""ErrorRate""},{""endpoint_x"":""TAIL"",""endpoint_y"":""ARROW"",""x"":""PaymentLatency"",""y"":""ErrorRate""},{""endpoint_x"":""CIRCLE"",""endpoint_y"":""ARROW"",""x"":""QueueDepth"",""y"":""AuthLatency""},{""endpoint_x"":""CIRCLE"",""endpoint_y"":""CIRCLE"",""x"":""Traffic"",""y"":""QueueDepth""}]"
finance_risk_r1,finance_risk,1,2500,7,7,fci_engine.fci,FCI,fci_engine,0.1.0,spirtes_2000_paper,"{""alpha"": 0.001, ""background_knowledge"": null, ""ci_test"": null, ""conservative_colliders"": false, ""conservative_orientation"": false, ""do_pdsep"": true, ""max_cond_set_size"": null, ""max_path_length"": null, ""orientation_strategy"": ""spirtes_2000"", ""pdsep_stable"": true, ""sepset_selection"": ""first"", ""skeleton_stable"": false, ""sparsity_bound"": null, ""verbose"": false}",fisher_z,fixed,0.001,in_process_algorithm_call,completed,,1.0,0.5714285714285714,1.0,0.7857142857142857,0.009343083002022468,211,0,"[{""endpoint_x"":""TAIL"",""endpoint_y"":""ARROW"",""x"":""CreditSpread"",""y"":""DefaultProb""},{""endpoint_x"":""ARROW"",""endpoint_y"":""ARROW"",""x"":""CreditSpread"",""y"":""EquityVol""},{""endpoint_x"":""TAIL"",""endpoint_y"":""ARROW"",""x"":""DefaultProb"",""y"":""Loss""},{""endpoint_x"":""TAIL"",""endpoint_y"":""ARROW"",""x"":""EquityVol"",""y"":""Loss""},{""endpoint_x"":""CIRCLE"",""endpoint_y"":""ARROW"",""x"":""Leverage"",""y"":""DefaultProb""},{""endpoint_x"":""CIRCLE"",""endpoint_y"":""ARROW"",""x"":""Liquidity"",""y"":""EquityVol""},{""endpoint_x"":""CIRCLE"",""endpoint_y"":""ARROW"",""x"":""RateShock"",""y"":""CreditSpread""}]"
finance_risk_r1,finance_risk,1,2500,7,7,fci_engine.fci_plus,FCI+,fci_engine,0.1.0,claassen_2013_paper,"{""alpha"": 0.001, ""background_knowledge"": null, ""ci_test"": null, ""conservative_colliders"": false, ""conservative_orientation"": false, ""do_pdsep"": false, ""max_cond_set_size"": 3, ""max_path_length"": null, ""orientation_strategy"": ""standard"", ""pdsep_stable"": false, ""sepset_selection"": ""first"", ""skeleton_stable"": false, ""sparsity_bound"": 3, ""verbose"": false}",fisher_z,fixed,0.001,in_process_algorithm_call,completed,,1.0,0.5714285714285714,1.0,0.7857142857142857,0.007371209001576062,142,0,"[{""endpoint_x"":""TAIL"",""endpoint_y"":""ARROW"",""x"":""CreditSpread"",""y"":""DefaultProb""},{""endpoint_x"":""ARROW"",""endpoint_y"":""ARROW"",""x"":""CreditSpread"",""y"":""EquityVol""},{""endpoint_x"":""TAIL"",""endpoint_y"":""ARROW"",""x"":""DefaultProb"",""y"":""Loss""},{""endpoint_x"":""TAIL"",""endpoint_y"":""ARROW"",""x"":""EquityVol"",""y"":""Loss""},{""endpoint_x"":""CIRCLE"",""endpoint_y"":""ARROW"",""x"":""Leverage"",""y"":""DefaultProb""},{""endpoint_x"":""CIRCLE"",""endpoint_y"":""ARROW"",""x"":""Liquidity"",""y"":""EquityVol""},{""endpoint_x"":""CIRCLE"",""endpoint_y"":""ARROW"",""x"":""RateShock"",""y"":""CreditSpread""}]"
finance_risk_r1,finance_risk,1,2500,7,7,fci_engine.fci_plus.robust,FCI+,fci_engine,0.1.0,practical_robust,"{""alpha"": ""auto"", ""background_knowledge"": null, ""ci_test"": null, ""conservative_colliders"": true, ""conservative_orientation"": false, ""do_pdsep"": false, ""max_cond_set_size"": 3, ""max_path_length"": 4, ""orientation_strategy"": ""robust"", ""pdsep_stable"": true, ""sepset_selection"": ""max_pvalue"", ""skeleton_stable"": true, ""sparsity_bound"": 3, ""verbose"": false}",fisher_z,sample_size_auto,0.01,in_process_algorithm_call,completed,,1.0,1.0,1.0,1.0,0.01061029199627228,265,18,"[{""endpoint_x"":""CIRCLE"",""endpoint_y"":""ARROW"",""x"":""CreditSpread"",""y"":""DefaultProb""},{""endpoint_x"":""ARROW"",""endpoint_y"":""ARROW"",""x"":""CreditSpread"",""y"":""EquityVol""},{""endpoint_x"":""CIRCLE"",""endpoint_y"":""ARROW"",""x"":""DefaultProb"",""y"":""Loss""},{""endpoint_x"":""CIRCLE"",""endpoint_y"":""ARROW"",""x"":""EquityVol"",""y"":""Loss""},{""endpoint_x"":""CIRCLE"",""endpoint_y"":""ARROW"",""x"":""Leverage"",""y"":""DefaultProb""},{""endpoint_x"":""CIRCLE"",""endpoint_y"":""ARROW"",""x"":""Liquidity"",""y"":""EquityVol""},{""endpoint_x"":""CIRCLE"",""endpoint_y"":""ARROW"",""x"":""RateShock"",""y"":""CreditSpread""}]"
finance_risk_r1,finance_risk,1,2500,7,7,causal-learn.fci.fisherz,FCI,causal-learn,0.1.4.7,documented_fci_api,"{""alpha"": 0.001, ""depth"": 3, ""max_path_length"": 4}",fisherz,fixed,0.001,in_process_algorithm_call,completed,,1.0,0.5714285714285714,1.0,0.7857142857142857,0.0065256669986411,,,"[{""endpoint_x"":""TAIL"",""endpoint_y"":""ARROW"",""x"":""CreditSpread"",""y"":""DefaultProb""},{""endpoint_x"":""ARROW"",""endpoint_y"":""ARROW"",""x"":""CreditSpread"",""y"":""EquityVol""},{""endpoint_x"":""TAIL"",""endpoint_y"":""ARROW"",""x"":""DefaultProb"",""y"":""Loss""},{""endpoint_x"":""TAIL"",""endpoint_y"":""ARROW"",""x"":""EquityVol"",""y"":""Loss""},{""endpoint_x"":""CIRCLE"",""endpoint_y"":""ARROW"",""x"":""Leverage"",""y"":""DefaultProb""},{""endpoint_x"":""CIRCLE"",""endpoint_y"":""ARROW"",""x"":""Liquidity"",""y"":""EquityVol""},{""endpoint_x"":""CIRCLE"",""endpoint_y"":""ARROW"",""x"":""RateShock"",""y"":""CreditSpread""}]"
finance_risk_r1,finance_risk,1,2500,7,7,pcalg.fciPlus,FCI+,pcalg,2.7.12,pcalg_fciPlus_default,"{""alpha"": 0.001, ""indepTest"": ""gaussCItest"", ""selectionBias"": true}",gaussCItest,fixed,0.001,external_R_process_including_startup,completed,,1.0,0.5714285714285714,1.0,0.7857142857142857,0.4943800420005573,,,"[{""endpoint_x"":""TAIL"",""endpoint_y"":""ARROW"",""x"":""CreditSpread"",""y"":""DefaultProb""},{""endpoint_x"":""ARROW"",""endpoint_y"":""ARROW"",""x"":""CreditSpread"",""y"":""EquityVol""},{""endpoint_x"":""TAIL"",""endpoint_y"":""ARROW"",""x"":""DefaultProb"",""y"":""Loss""},{""endpoint_x"":""TAIL"",""endpoint_y"":""ARROW"",""x"":""EquityVol"",""y"":""Loss""},{""endpoint_x"":""CIRCLE"",""endpoint_y"":""ARROW"",""x"":""Leverage"",""y"":""DefaultProb""},{""endpoint_x"":""CIRCLE"",""endpoint_y"":""ARROW"",""x"":""Liquidity"",""y"":""EquityVol""},{""endpoint_x"":""CIRCLE"",""endpoint_y"":""ARROW"",""x"":""RateShock"",""y"":""CreditSpread""}]"
manufacturing_quality_r1,manufacturing_quality,1,2500,7,7,fci_engine.fci,FCI,fci_engine,0.1.0,spirtes_2000_paper,"{""alpha"": 0.001, ""background_knowledge"": null, ""ci_test"": null, ""conservative_colliders"": false, ""conservative_orientation"": false, ""do_pdsep"": true, ""max_cond_set_size"": null, ""max_path_length"": null, ""orientation_strategy"": ""spirtes_2000"", ""pdsep_stable"": true, ""sepset_selection"": ""first"", ""skeleton_stable"": false, ""sparsity_bound"": null, ""verbose"": false}",fisher_z,fixed,0.001,in_process_algorithm_call,completed,,0.923076923076923,0.4615384615384615,0.923076923076923,0.6428571428571429,0.006411000002117362,124,0,"[{""endpoint_x"":""CIRCLE"",""endpoint_y"":""ARROW"",""x"":""ChamberTemp"",""y"":""DefectRate""},{""endpoint_x"":""CIRCLE"",""endpoint_y"":""CIRCLE"",""x"":""Maintenance"",""y"":""Vibration""},{""endpoint_x"":""CIRCLE"",""endpoint_y"":""CIRCLE"",""x"":""Operator"",""y"":""Pressure""},{""endpoint_x"":""CIRCLE"",""endpoint_y"":""ARROW"",""x"":""Pressure"",""y"":""DefectRate""},{""endpoint_x"":""CIRCLE"",""endpoint_y"":""CIRCLE"",""x"":""Setpoint"",""y"":""ChamberTemp""},{""endpoint_x"":""CIRCLE"",""endpoint_y"":""ARROW"",""x"":""Vibration"",""y"":""DefectRate""}]"
manufacturing_quality_r1,manufacturing_quality,1,2500,7,7,fci_engine.fci_plus,FCI+,fci_engine,0.1.0,claassen_2013_paper,"{""alpha"": 0.001, ""background_knowledge"": null, ""ci_test"": null, ""conservative_colliders"": false, ""conservative_orientation"": false, ""do_pdsep"": false, ""max_cond_set_size"": 3, ""max_path_length"": null, ""orientation_strategy"": ""standard"", ""pdsep_stable"": false, ""sepset_selection"": ""first"", ""skeleton_stable"": false, ""sparsity_bound"": 3, ""verbose"": false}",fisher_z,fixed,0.001,in_process_algorithm_call,completed,,0.923076923076923,0.4615384615384615,0.923076923076923,0.6428571428571429,0.005153499994776212,114,0,"[{""endpoint_x"":""CIRCLE"",""endpoint_y"":""ARROW"",""x"":""ChamberTemp"",""y"":""DefectRate""},{""endpoint_x"":""CIRCLE"",""endpoint_y"":""CIRCLE"",""x"":""Maintenance"",""y"":""Vibration""},{""endpoint_x"":""CIRCLE"",""endpoint_y"":""CIRCLE"",""x"":""Operator"",""y"":""Pressure""},{""endpoint_x"":""CIRCLE"",""endpoint_y"":""ARROW"",""x"":""Pressure"",""y"":""DefectRate""},{""endpoint_x"":""CIRCLE"",""endpoint_y"":""CIRCLE"",""x"":""Setpoint"",""y"":""ChamberTemp""},{""endpoint_x"":""CIRCLE"",""endpoint_y"":""ARROW"",""x"":""Vibration"",""y"":""DefectRate""}]"
manufacturing_quality_r1,manufacturing_quality,1,2500,7,7,fci_engine.fci_plus.robust,FCI+,fci_engine,0.1.0,practical_robust,"{""alpha"": ""auto"", ""background_knowledge"": null, ""ci_test"": null, ""conservative_colliders"": true, ""conservative_orientation"": false, ""do_pdsep"": false, ""max_cond_set_size"": 3, ""max_path_length"": 4, ""orientation_strategy"": ""robust"", ""pdsep_stable"": true, ""sepset_selection"": ""max_pvalue"", ""skeleton_stable"": true, ""sparsity_bound"": 3, ""verbose"": false}",fisher_z,sample_size_auto,0.01,in_process_algorithm_call,completed,,0.923076923076923,0.4615384615384615,0.923076923076923,0.6428571428571429,0.007406540993542876,171,0,"[{""endpoint_x"":""CIRCLE"",""endpoint_y"":""ARROW"",""x"":""ChamberTemp"",""y"":""DefectRate""},{""endpoint_x"":""CIRCLE"",""endpoint_y"":""CIRCLE"",""x"":""Maintenance"",""y"":""Vibration""},{""endpoint_x"":""CIRCLE"",""endpoint_y"":""CIRCLE"",""x"":""Operator"",""y"":""Pressure""},{""endpoint_x"":""CIRCLE"",""endpoint_y"":""ARROW"",""x"":""Pressure"",""y"":""DefectRate""},{""endpoint_x"":""CIRCLE"",""endpoint_y"":""CIRCLE"",""x"":""Setpoint"",""y"":""ChamberTemp""},{""endpoint_x"":""CIRCLE"",""endpoint_y"":""ARROW"",""x"":""Vibration"",""y"":""DefectRate""}]"
manufacturing_quality_r1,manufacturing_quality,1,2500,7,7,causal-learn.fci.fisherz,FCI,causal-learn,0.1.4.7,documented_fci_api,"{""alpha"": 0.001, ""depth"": 3, ""max_path_length"": 4}",fisherz,fixed,0.001,in_process_algorithm_call,completed,,0.923076923076923,0.4615384615384615,0.923076923076923,0.6428571428571429,0.004598415995133109,,,"[{""endpoint_x"":""CIRCLE"",""endpoint_y"":""ARROW"",""x"":""ChamberTemp"",""y"":""DefectRate""},{""endpoint_x"":""CIRCLE"",""endpoint_y"":""CIRCLE"",""x"":""Maintenance"",""y"":""Vibration""},{""endpoint_x"":""CIRCLE"",""endpoint_y"":""CIRCLE"",""x"":""Operator"",""y"":""Pressure""},{""endpoint_x"":""CIRCLE"",""endpoint_y"":""ARROW"",""x"":""Pressure"",""y"":""DefectRate""},{""endpoint_x"":""CIRCLE"",""endpoint_y"":""CIRCLE"",""x"":""Setpoint"",""y"":""ChamberTemp""},{""endpoint_x"":""CIRCLE"",""endpoint_y"":""ARROW"",""x"":""Vibration"",""y"":""DefectRate""}]"
manufacturing_quality_r1,manufacturing_quality,1,2500,7,7,pcalg.fciPlus,FCI+,pcalg,2.7.12,pcalg_fciPlus_default,"{""alpha"": 0.001, ""indepTest"": ""gaussCItest"", ""selectionBias"": true}",gaussCItest,fixed,0.001,external_R_process_including_startup,completed,,0.923076923076923,0.4615384615384615,0.923076923076923,0.6428571428571429,0.4936913329947856,,,"[{""endpoint_x"":""CIRCLE"",""endpoint_y"":""ARROW"",""x"":""ChamberTemp"",""y"":""DefectRate""},{""endpoint_x"":""CIRCLE"",""endpoint_y"":""CIRCLE"",""x"":""Maintenance"",""y"":""Vibration""},{""endpoint_x"":""CIRCLE"",""endpoint_y"":""CIRCLE"",""x"":""Operator"",""y"":""Pressure""},{""endpoint_x"":""CIRCLE"",""endpoint_y"":""ARROW"",""x"":""Pressure"",""y"":""DefectRate""},{""endpoint_x"":""CIRCLE"",""endpoint_y"":""CIRCLE"",""x"":""Setpoint"",""y"":""ChamberTemp""},{""endpoint_x"":""CIRCLE"",""endpoint_y"":""ARROW"",""x"":""Vibration"",""y"":""DefectRate""}]"
enterprise_monitoring_r1,enterprise_monitoring,1,2500,12,13,fci_engine.fci,FCI,fci_engine,0.1.0,spirtes_2000_paper,"{""alpha"": 0.001, ""background_knowledge"": null, ""ci_test"": null, ""conservative_colliders"": false, ""conservative_orientation"": false, ""do_pdsep"": true, ""max_cond_set_size"": null, ""max_path_length"": null, ""orientation_strategy"": ""spirtes_2000"", ""pdsep_stable"": true, ""sepset_selection"": ""first"", ""skeleton_stable"": false, ""sparsity_bound"": null, ""verbose"": false}",fisher_z,fixed,0.001,in_process_algorithm_call,completed,,0.9600000000000001,0.48000000000000004,0.8799999999999999,0.6538461538461539,0.060125291005533654,1415,0,"[{""endpoint_x"":""TAIL"",""endpoint_y"":""ARROW"",""x"":""ApiCPU"",""y"":""ApiLatency""},{""endpoint_x"":""ARROW"",""endpoint_y"":""ARROW"",""x"":""ApiCPU"",""y"":""DbCPU""},{""endpoint_x"":""TAIL"",""endpoint_y"":""ARROW"",""x"":""ApiLatency"",""y"":""CheckoutLatency""},{""endpoint_x"":""CIRCLE"",""endpoint_y"":""ARROW"",""x"":""CacheMiss"",""y"":""DbLatency""},{""endpoint_x"":""CIRCLE"",""endpoint_y"":""CIRCLE"",""x"":""CachePolicy"",""y"":""CacheMiss""},{""endpoint_x"":""TAIL"",""endpoint_y"":""ARROW"",""x"":""CheckoutLatency"",""y"":""ErrorBudget""},{""endpoint_x"":""TAIL"",""endpoint_y"":""ARROW"",""x"":""DbCPU"",""y"":""DbLatency""},{""endpoint_x"":""ARROW"",""endpoint_y"":""TAIL"",""x"":""DbLatency"",""y"":""CheckoutLatency""},{""endpoint_x"":""CIRCLE"",""endpoint_y"":""ARROW"",""x"":""DeployA"",""y"":""ApiCPU""},{""endpoint_x"":""CIRCLE"",""endpoint_y"":""ARROW"",""x"":""DeployB"",""y"":""DbCPU""},{""endpoint_x"":""CIRCLE"",""endpoint_y"":""CIRCLE"",""x"":""Marketing"",""y"":""SearchQPS""},{""endpoint_x"":""CIRCLE"",""endpoint_y"":""ARROW"",""x"":""SearchQPS"",""y"":""ApiLatency""}]"
enterprise_monitoring_r1,enterprise_monitoring,1,2500,12,13,fci_engine.fci_plus,FCI+,fci_engine,0.1.0,claassen_2013_paper,"{""alpha"": 0.001, ""background_knowledge"": null, ""ci_test"": null, ""conservative_colliders"": false, ""conservative_orientation"": false, ""do_pdsep"": false, ""max_cond_set_size"": 3, ""max_path_length"": null, ""orientation_strategy"": ""standard"", ""pdsep_stable"": false, ""sepset_selection"": ""first"", ""skeleton_stable"": false, ""sparsity_bound"": 3, ""verbose"": false}",fisher_z,fixed,0.001,in_process_algorithm_call,completed,,1.0,0.5384615384615384,1.0,0.7692307692307693,0.02177050000318559,482,0,"[{""endpoint_x"":""TAIL"",""endpoint_y"":""ARROW"",""x"":""ApiCPU"",""y"":""ApiLatency""},{""endpoint_x"":""ARROW"",""endpoint_y"":""ARROW"",""x"":""ApiCPU"",""y"":""DbCPU""},{""endpoint_x"":""TAIL"",""endpoint_y"":""ARROW"",""x"":""ApiLatency"",""y"":""CheckoutLatency""},{""endpoint_x"":""ARROW"",""endpoint_y"":""ARROW"",""x"":""ApiLatency"",""y"":""DbLatency""},{""endpoint_x"":""CIRCLE"",""endpoint_y"":""ARROW"",""x"":""CacheMiss"",""y"":""DbLatency""},{""endpoint_x"":""CIRCLE"",""endpoint_y"":""CIRCLE"",""x"":""CachePolicy"",""y"":""CacheMiss""},{""endpoint_x"":""TAIL"",""endpoint_y"":""ARROW"",""x"":""CheckoutLatency"",""y"":""ErrorBudget""},{""endpoint_x"":""TAIL"",""endpoint_y"":""ARROW"",""x"":""DbCPU"",""y"":""DbLatency""},{""endpoint_x"":""ARROW"",""endpoint_y"":""ARROW"",""x"":""DbLatency"",""y"":""CheckoutLatency""},{""endpoint_x"":""CIRCLE"",""endpoint_y"":""ARROW"",""x"":""DeployA"",""y"":""ApiCPU""},{""endpoint_x"":""CIRCLE"",""endpoint_y"":""ARROW"",""x"":""DeployB"",""y"":""DbCPU""},{""endpoint_x"":""CIRCLE"",""endpoint_y"":""CIRCLE"",""x"":""Marketing"",""y"":""SearchQPS""},{""endpoint_x"":""CIRCLE"",""endpoint_y"":""ARROW"",""x"":""SearchQPS"",""y"":""ApiLatency""}]"
enterprise_monitoring_r1,enterprise_monitoring,1,2500,12,13,fci_engine.fci_plus.robust,FCI+,fci_engine,0.1.0,practical_robust,"{""alpha"": ""auto"", ""background_knowledge"": null, ""ci_test"": null, ""conservative_colliders"": true, ""conservative_orientation"": false, ""do_pdsep"": false, ""max_cond_set_size"": 3, ""max_path_length"": 4, ""orientation_strategy"": ""robust"", ""pdsep_stable"": true, ""sepset_selection"": ""max_pvalue"", ""skeleton_stable"": true, ""sparsity_bound"": 3, ""verbose"": false}",fisher_z,sample_size_auto,0.01,in_process_algorithm_call,completed,,1.0,0.6153846153846154,1.0,0.7692307692307693,0.04670870800327975,1139,36,"[{""endpoint_x"":""CIRCLE"",""endpoint_y"":""ARROW"",""x"":""ApiCPU"",""y"":""ApiLatency""},{""endpoint_x"":""ARROW"",""endpoint_y"":""ARROW"",""x"":""ApiCPU"",""y"":""DbCPU""},{""endpoint_x"":""CIRCLE"",""endpoint_y"":""CIRCLE"",""x"":""ApiLatency"",""y"":""CheckoutLatency""},{""endpoint_x"":""ARROW"",""endpoint_y"":""ARROW"",""x"":""ApiLatency"",""y"":""DbLatency""},{""endpoint_x"":""CIRCLE"",""endpoint_y"":""ARROW"",""x"":""CacheMiss"",""y"":""DbLatency""},{""endpoint_x"":""CIRCLE"",""endpoint_y"":""CIRCLE"",""x"":""CachePolicy"",""y"":""CacheMiss""},{""endpoint_x"":""CIRCLE"",""endpoint_y"":""CIRCLE"",""x"":""CheckoutLatency"",""y"":""ErrorBudget""},{""endpoint_x"":""CIRCLE"",""endpoint_y"":""ARROW"",""x"":""DbCPU"",""y"":""DbLatency""},{""endpoint_x"":""CIRCLE"",""endpoint_y"":""CIRCLE"",""x"":""DbLatency"",""y"":""CheckoutLatency""},{""endpoint_x"":""CIRCLE"",""endpoint_y"":""ARROW"",""x"":""DeployA"",""y"":""ApiCPU""},{""endpoint_x"":""CIRCLE"",""endpoint_y"":""ARROW"",""x"":""DeployB"",""y"":""DbCPU""},{""endpoint_x"":""CIRCLE"",""endpoint_y"":""CIRCLE"",""x"":""Marketing"",""y"":""SearchQPS""},{""endpoint_x"":""CIRCLE"",""endpoint_y"":""ARROW"",""x"":""SearchQPS"",""y"":""ApiLatency""}]"
enterprise_monitoring_r1,enterprise_monitoring,1,2500,12,13,causal-learn.fci.fisherz,FCI,causal-learn,0.1.4.7,documented_fci_api,"{""alpha"": 0.001, ""depth"": 3, ""max_path_length"": 4}",fisherz,fixed,0.001,in_process_algorithm_call,completed,,1.0,0.5384615384615384,1.0,0.7692307692307693,0.02378162500099279,,,"[{""endpoint_x"":""TAIL"",""endpoint_y"":""ARROW"",""x"":""ApiCPU"",""y"":""ApiLatency""},{""endpoint_x"":""ARROW"",""endpoint_y"":""ARROW"",""x"":""ApiCPU"",""y"":""DbCPU""},{""endpoint_x"":""TAIL"",""endpoint_y"":""ARROW"",""x"":""ApiLatency"",""y"":""CheckoutLatency""},{""endpoint_x"":""ARROW"",""endpoint_y"":""ARROW"",""x"":""ApiLatency"",""y"":""DbLatency""},{""endpoint_x"":""CIRCLE"",""endpoint_y"":""ARROW"",""x"":""CacheMiss"",""y"":""DbLatency""},{""endpoint_x"":""CIRCLE"",""endpoint_y"":""CIRCLE"",""x"":""CachePolicy"",""y"":""CacheMiss""},{""endpoint_x"":""TAIL"",""endpoint_y"":""ARROW"",""x"":""CheckoutLatency"",""y"":""ErrorBudget""},{""endpoint_x"":""TAIL"",""endpoint_y"":""ARROW"",""x"":""DbCPU"",""y"":""DbLatency""},{""endpoint_x"":""ARROW"",""endpoint_y"":""ARROW"",""x"":""DbLatency"",""y"":""CheckoutLatency""},{""endpoint_x"":""CIRCLE"",""endpoint_y"":""ARROW"",""x"":""DeployA"",""y"":""ApiCPU""},{""endpoint_x"":""CIRCLE"",""endpoint_y"":""ARROW"",""x"":""DeployB"",""y"":""DbCPU""},{""endpoint_x"":""CIRCLE"",""endpoint_y"":""CIRCLE"",""x"":""Marketing"",""y"":""SearchQPS""},{""endpoint_x"":""CIRCLE"",""endpoint_y"":""ARROW"",""x"":""SearchQPS"",""y"":""ApiLatency""}]"
enterprise_monitoring_r1,enterprise_monitoring,1,2500,12,13,pcalg.fciPlus,FCI+,pcalg,2.7.12,pcalg_fciPlus_default,"{""alpha"": 0.001, ""indepTest"": ""gaussCItest"", ""selectionBias"": true}",gaussCItest,fixed,0.001,external_R_process_including_startup,completed,,1.0,0.5384615384615384,1.0,0.7692307692307693,0.5237145419960143,,,"[{""endpoint_x"":""TAIL"",""endpoint_y"":""ARROW"",""x"":""ApiCPU"",""y"":""ApiLatency""},{""endpoint_x"":""ARROW"",""endpoint_y"":""ARROW"",""x"":""ApiCPU"",""y"":""DbCPU""},{""endpoint_x"":""TAIL"",""endpoint_y"":""ARROW"",""x"":""ApiLatency"",""y"":""CheckoutLatency""},{""endpoint_x"":""ARROW"",""endpoint_y"":""ARROW"",""x"":""ApiLatency"",""y"":""DbLatency""},{""endpoint_x"":""CIRCLE"",""endpoint_y"":""ARROW"",""x"":""CacheMiss"",""y"":""DbLatency""},{""endpoint_x"":""CIRCLE"",""endpoint_y"":""CIRCLE"",""x"":""CachePolicy"",""y"":""CacheMiss""},{""endpoint_x"":""TAIL"",""endpoint_y"":""ARROW"",""x"":""CheckoutLatency"",""y"":""ErrorBudget""},{""endpoint_x"":""TAIL"",""endpoint_y"":""ARROW"",""x"":""DbCPU"",""y"":""DbLatency""},{""endpoint_x"":""ARROW"",""endpoint_y"":""ARROW"",""x"":""DbLatency"",""y"":""CheckoutLatency""},{""endpoint_x"":""CIRCLE"",""endpoint_y"":""ARROW"",""x"":""DeployA"",""y"":""ApiCPU""},{""endpoint_x"":""CIRCLE"",""endpoint_y"":""ARROW"",""x"":""DeployB"",""y"":""DbCPU""},{""endpoint_x"":""CIRCLE"",""endpoint_y"":""CIRCLE"",""x"":""Marketing"",""y"":""SearchQPS""},{""endpoint_x"":""CIRCLE"",""endpoint_y"":""ARROW"",""x"":""SearchQPS"",""y"":""ApiLatency""}]"
hospital_triage_r2,hospital_triage,2,2500,7,7,fci_engine.fci,FCI,fci_engine,0.1.0,spirtes_2000_paper,"{""alpha"": 0.001, ""background_knowledge"": null, ""ci_test"": null, ""conservative_colliders"": false, ""conservative_orientation"": false, ""do_pdsep"": true, ""max_cond_set_size"": null, ""max_path_length"": null, ""orientation_strategy"": ""spirtes_2000"", ""pdsep_stable"": true, ""sepset_selection"": ""first"", ""skeleton_stable"": false, ""sparsity_bound"": null, ""verbose"": false}",fisher_z,fixed,0.001,in_process_algorithm_call,completed,,1.0,0.5714285714285714,0.8571428571428571,0.7857142857142857,0.01488012500340119,316,0,"[{""endpoint_x"":""CIRCLE"",""endpoint_y"":""ARROW"",""x"":""Comorbidity"",""y"":""Inflammation""},{""endpoint_x"":""CIRCLE"",""endpoint_y"":""ARROW"",""x"":""GeneticRisk"",""y"":""Inflammation""},{""endpoint_x"":""ARROW"",""endpoint_y"":""ARROW"",""x"":""Inflammation"",""y"":""Oxygen""},{""endpoint_x"":""TAIL"",""endpoint_y"":""ARROW"",""x"":""Inflammation"",""y"":""Treatment""},{""endpoint_x"":""ARROW"",""endpoint_y"":""ARROW"",""x"":""Oxygen"",""y"":""Recovery""},{""endpoint_x"":""CIRCLE"",""endpoint_y"":""ARROW"",""x"":""Protocol"",""y"":""Treatment""},{""endpoint_x"":""ARROW"",""endpoint_y"":""ARROW"",""x"":""Treatment"",""y"":""Recovery""}]"
hospital_triage_r2,hospital_triage,2,2500,7,7,fci_engine.fci_plus,FCI+,fci_engine,0.1.0,claassen_2013_paper,"{""alpha"": 0.001, ""background_knowledge"": null, ""ci_test"": null, ""conservative_colliders"": false, ""conservative_orientation"": false, ""do_pdsep"": false, ""max_cond_set_size"": 3, ""max_path_length"": null, ""orientation_strategy"": ""standard"", ""pdsep_stable"": false, ""sepset_selection"": ""first"", ""skeleton_stable"": false, ""sparsity_bound"": 3, ""verbose"": false}",fisher_z,fixed,0.001,in_process_algorithm_call,completed,,1.0,0.5714285714285714,0.8571428571428571,0.7857142857142857,0.005994999999529682,129,0,"[{""endpoint_x"":""CIRCLE"",""endpoint_y"":""ARROW"",""x"":""Comorbidity"",""y"":""Inflammation""},{""endpoint_x"":""CIRCLE"",""endpoint_y"":""ARROW"",""x"":""GeneticRisk"",""y"":""Inflammation""},{""endpoint_x"":""ARROW"",""endpoint_y"":""ARROW"",""x"":""Inflammation"",""y"":""Oxygen""},{""endpoint_x"":""TAIL"",""endpoint_y"":""ARROW"",""x"":""Inflammation"",""y"":""Treatment""},{""endpoint_x"":""ARROW"",""endpoint_y"":""ARROW"",""x"":""Oxygen"",""y"":""Recovery""},{""endpoint_x"":""CIRCLE"",""endpoint_y"":""ARROW"",""x"":""Protocol"",""y"":""Treatment""},{""endpoint_x"":""ARROW"",""endpoint_y"":""ARROW"",""x"":""Treatment"",""y"":""Recovery""}]"
hospital_triage_r2,hospital_triage,2,2500,7,7,fci_engine.fci_plus.robust,FCI+,fci_engine,0.1.0,practical_robust,"{""alpha"": ""auto"", ""background_knowledge"": null, ""ci_test"": null, ""conservative_colliders"": true, ""conservative_orientation"": false, ""do_pdsep"": false, ""max_cond_set_size"": 3, ""max_path_length"": 4, ""orientation_strategy"": ""robust"", ""pdsep_stable"": true, ""sepset_selection"": ""max_pvalue"", ""skeleton_stable"": true, ""sparsity_bound"": 3, ""verbose"": false}",fisher_z,sample_size_auto,0.01,in_process_algorithm_call,completed,,1.0,0.7142857142857143,1.0,0.8571428571428571,0.010259709000820294,253,21,"[{""endpoint_x"":""CIRCLE"",""endpoint_y"":""ARROW"",""x"":""Comorbidity"",""y"":""Inflammation""},{""endpoint_x"":""CIRCLE"",""endpoint_y"":""ARROW"",""x"":""GeneticRisk"",""y"":""Inflammation""},{""endpoint_x"":""ARROW"",""endpoint_y"":""CIRCLE"",""x"":""Inflammation"",""y"":""Oxygen""},{""endpoint_x"":""CIRCLE"",""endpoint_y"":""ARROW"",""x"":""Inflammation"",""y"":""Treatment""},{""endpoint_x"":""CIRCLE"",""endpoint_y"":""ARROW"",""x"":""Oxygen"",""y"":""Recovery""},{""endpoint_x"":""CIRCLE"",""endpoint_y"":""ARROW"",""x"":""Protocol"",""y"":""Treatment""},{""endpoint_x"":""CIRCLE"",""endpoint_y"":""ARROW"",""x"":""Treatment"",""y"":""Recovery""}]"
hospital_triage_r2,hospital_triage,2,2500,7,7,causal-learn.fci.fisherz,FCI,causal-learn,0.1.4.7,documented_fci_api,"{""alpha"": 0.001, ""depth"": 3, ""max_path_length"": 4}",fisherz,fixed,0.001,in_process_algorithm_call,completed,,1.0,0.5714285714285714,0.8571428571428571,0.7857142857142857,0.005797749996418133,,,"[{""endpoint_x"":""CIRCLE"",""endpoint_y"":""ARROW"",""x"":""Comorbidity"",""y"":""Inflammation""},{""endpoint_x"":""CIRCLE"",""endpoint_y"":""ARROW"",""x"":""GeneticRisk"",""y"":""Inflammation""},{""endpoint_x"":""ARROW"",""endpoint_y"":""ARROW"",""x"":""Inflammation"",""y"":""Oxygen""},{""endpoint_x"":""TAIL"",""endpoint_y"":""ARROW"",""x"":""Inflammation"",""y"":""Treatment""},{""endpoint_x"":""ARROW"",""endpoint_y"":""ARROW"",""x"":""Oxygen"",""y"":""Recovery""},{""endpoint_x"":""CIRCLE"",""endpoint_y"":""ARROW"",""x"":""Protocol"",""y"":""Treatment""},{""endpoint_x"":""ARROW"",""endpoint_y"":""ARROW"",""x"":""Treatment"",""y"":""Recovery""}]"
hospital_triage_r2,hospital_triage,2,2500,7,7,pcalg.fciPlus,FCI+,pcalg,2.7.12,pcalg_fciPlus_default,"{""alpha"": 0.001, ""indepTest"": ""gaussCItest"", ""selectionBias"": true}",gaussCItest,fixed,0.001,external_R_process_including_startup,completed,,1.0,0.5714285714285714,0.8571428571428571,0.7857142857142857,0.4929480419959873,,,"[{""endpoint_x"":""CIRCLE"",""endpoint_y"":""ARROW"",""x"":""Comorbidity"",""y"":""Inflammation""},{""endpoint_x"":""CIRCLE"",""endpoint_y"":""ARROW"",""x"":""GeneticRisk"",""y"":""Inflammation""},{""endpoint_x"":""ARROW"",""endpoint_y"":""ARROW"",""x"":""Inflammation"",""y"":""Oxygen""},{""endpoint_x"":""TAIL"",""endpoint_y"":""ARROW"",""x"":""Inflammation"",""y"":""Treatment""},{""endpoint_x"":""ARROW"",""endpoint_y"":""ARROW"",""x"":""Oxygen"",""y"":""Recovery""},{""endpoint_x"":""CIRCLE"",""endpoint_y"":""ARROW"",""x"":""Protocol"",""y"":""Treatment""},{""endpoint_x"":""ARROW"",""endpoint_y"":""ARROW"",""x"":""Treatment"",""y"":""Recovery""}]"
microservice_incident_r2,microservice_incident,2,2500,7,7,fci_engine.fci,FCI,fci_engine,0.1.0,spirtes_2000_paper,"{""alpha"": 0.001, ""background_knowledge"": null, ""ci_test"": null, ""conservative_colliders"": false, ""conservative_orientation"": false, ""do_pdsep"": true, ""max_cond_set_size"": null, ""max_path_length"": null, ""orientation_strategy"": ""spirtes_2000"", ""pdsep_stable"": true, ""sepset_selection"": ""first"", ""skeleton_stable"": false, ""sparsity_bound"": null, ""verbose"": false}",fisher_z,fixed,0.001,in_process_algorithm_call,completed,,0.923076923076923,0.4615384615384615,0.923076923076923,0.6428571428571429,0.005919875002291519,116,0,"[{""endpoint_x"":""CIRCLE"",""endpoint_y"":""ARROW"",""x"":""AuthLatency"",""y"":""ErrorRate""},{""endpoint_x"":""CIRCLE"",""endpoint_y"":""CIRCLE"",""x"":""CacheHit"",""y"":""PaymentLatency""},{""endpoint_x"":""CIRCLE"",""endpoint_y"":""ARROW"",""x"":""Deploy"",""y"":""ErrorRate""},{""endpoint_x"":""CIRCLE"",""endpoint_y"":""ARROW"",""x"":""PaymentLatency"",""y"":""ErrorRate""},{""endpoint_x"":""CIRCLE"",""endpoint_y"":""CIRCLE"",""x"":""QueueDepth"",""y"":""AuthLatency""},{""endpoint_x"":""CIRCLE"",""endpoint_y"":""CIRCLE"",""x"":""Traffic"",""y"":""QueueDepth""}]"
microservice_incident_r2,microservice_incident,2,2500,7,7,fci_engine.fci_plus,FCI+,fci_engine,0.1.0,claassen_2013_paper,"{""alpha"": 0.001, ""background_knowledge"": null, ""ci_test"": null, ""conservative_colliders"": false, ""conservative_orientation"": false, ""do_pdsep"": false, ""max_cond_set_size"": 3, ""max_path_length"": null, ""orientation_strategy"": ""standard"", ""pdsep_stable"": false, ""sepset_selection"": ""first"", ""skeleton_stable"": false, ""sparsity_bound"": 3, ""verbose"": false}",fisher_z,fixed,0.001,in_process_algorithm_call,completed,,0.923076923076923,0.4615384615384615,0.923076923076923,0.6428571428571429,0.0054275839938782156,115,0,"[{""endpoint_x"":""CIRCLE"",""endpoint_y"":""ARROW"",""x"":""AuthLatency"",""y"":""ErrorRate""},{""endpoint_x"":""CIRCLE"",""endpoint_y"":""CIRCLE"",""x"":""CacheHit"",""y"":""PaymentLatency""},{""endpoint_x"":""CIRCLE"",""endpoint_y"":""ARROW"",""x"":""Deploy"",""y"":""ErrorRate""},{""endpoint_x"":""CIRCLE"",""endpoint_y"":""ARROW"",""x"":""PaymentLatency"",""y"":""ErrorRate""},{""endpoint_x"":""CIRCLE"",""endpoint_y"":""CIRCLE"",""x"":""QueueDepth"",""y"":""AuthLatency""},{""endpoint_x"":""CIRCLE"",""endpoint_y"":""CIRCLE"",""x"":""Traffic"",""y"":""QueueDepth""}]"
microservice_incident_r2,microservice_incident,2,2500,7,7,fci_engine.fci_plus.robust,FCI+,fci_engine,0.1.0,practical_robust,"{""alpha"": ""auto"", ""background_knowledge"": null, ""ci_test"": null, ""conservative_colliders"": true, ""conservative_orientation"": false, ""do_pdsep"": false, ""max_cond_set_size"": 3, ""max_path_length"": 4, ""orientation_strategy"": ""robust"", ""pdsep_stable"": true, ""sepset_selection"": ""max_pvalue"", ""skeleton_stable"": true, ""sparsity_bound"": 3, ""verbose"": false}",fisher_z,sample_size_auto,0.01,in_process_algorithm_call,completed,,0.923076923076923,0.4615384615384615,0.923076923076923,0.6428571428571429,0.007891791996371467,170,0,"[{""endpoint_x"":""CIRCLE"",""endpoint_y"":""ARROW"",""x"":""AuthLatency"",""y"":""ErrorRate""},{""endpoint_x"":""CIRCLE"",""endpoint_y"":""CIRCLE"",""x"":""CacheHit"",""y"":""PaymentLatency""},{""endpoint_x"":""CIRCLE"",""endpoint_y"":""ARROW"",""x"":""Deploy"",""y"":""ErrorRate""},{""endpoint_x"":""CIRCLE"",""endpoint_y"":""ARROW"",""x"":""PaymentLatency"",""y"":""ErrorRate""},{""endpoint_x"":""CIRCLE"",""endpoint_y"":""CIRCLE"",""x"":""QueueDepth"",""y"":""AuthLatency""},{""endpoint_x"":""CIRCLE"",""endpoint_y"":""CIRCLE"",""x"":""Traffic"",""y"":""QueueDepth""}]"
microservice_incident_r2,microservice_incident,2,2500,7,7,causal-learn.fci.fisherz,FCI,causal-learn,0.1.4.7,documented_fci_api,"{""alpha"": 0.001, ""depth"": 3, ""max_path_length"": 4}",fisherz,fixed,0.001,in_process_algorithm_call,completed,,0.923076923076923,0.4615384615384615,0.923076923076923,0.6428571428571429,0.00414166600239696,,,"[{""endpoint_x"":""CIRCLE"",""endpoint_y"":""ARROW"",""x"":""AuthLatency"",""y"":""ErrorRate""},{""endpoint_x"":""CIRCLE"",""endpoint_y"":""CIRCLE"",""x"":""CacheHit"",""y"":""PaymentLatency""},{""endpoint_x"":""CIRCLE"",""endpoint_y"":""ARROW"",""x"":""Deploy"",""y"":""ErrorRate""},{""endpoint_x"":""CIRCLE"",""endpoint_y"":""ARROW"",""x"":""PaymentLatency"",""y"":""ErrorRate""},{""endpoint_x"":""CIRCLE"",""endpoint_y"":""CIRCLE"",""x"":""QueueDepth"",""y"":""AuthLatency""},{""endpoint_x"":""CIRCLE"",""endpoint_y"":""CIRCLE"",""x"":""Traffic"",""y"":""QueueDepth""}]"
microservice_incident_r2,microservice_incident,2,2500,7,7,pcalg.fciPlus,FCI+,pcalg,2.7.12,pcalg_fciPlus_default,"{""alpha"": 0.001, ""indepTest"": ""gaussCItest"", ""selectionBias"": true}",gaussCItest,fixed,0.001,external_R_process_including_startup,completed,,0.923076923076923,0.4615384615384615,0.923076923076923,0.6428571428571429,0.48672962499404093,,,"[{""endpoint_x"":""CIRCLE"",""endpoint_y"":""ARROW"",""x"":""AuthLatency"",""y"":""ErrorRate""},{""endpoint_x"":""CIRCLE"",""endpoint_y"":""CIRCLE"",""x"":""CacheHit"",""y"":""PaymentLatency""},{""endpoint_x"":""CIRCLE"",""endpoint_y"":""ARROW"",""x"":""Deploy"",""y"":""ErrorRate""},{""endpoint_x"":""CIRCLE"",""endpoint_y"":""ARROW"",""x"":""PaymentLatency"",""y"":""ErrorRate""},{""endpoint_x"":""CIRCLE"",""endpoint_y"":""CIRCLE"",""x"":""QueueDepth"",""y"":""AuthLatency""},{""endpoint_x"":""CIRCLE"",""endpoint_y"":""CIRCLE"",""x"":""Traffic"",""y"":""QueueDepth""}]"
finance_risk_r2,finance_risk,2,2500,7,7,fci_engine.fci,FCI,fci_engine,0.1.0,spirtes_2000_paper,"{""alpha"": 0.001, ""background_knowledge"": null, ""ci_test"": null, ""conservative_colliders"": false, ""conservative_orientation"": false, ""do_pdsep"": true, ""max_cond_set_size"": null, ""max_path_length"": null, ""orientation_strategy"": ""spirtes_2000"", ""pdsep_stable"": true, ""sepset_selection"": ""first"", ""skeleton_stable"": false, ""sparsity_bound"": null, ""verbose"": false}",fisher_z,fixed,0.001,in_process_algorithm_call,completed,,1.0,0.5714285714285714,1.0,0.7857142857142857,0.010496082999452483,211,0,"[{""endpoint_x"":""TAIL"",""endpoint_y"":""ARROW"",""x"":""CreditSpread"",""y"":""DefaultProb""},{""endpoint_x"":""ARROW"",""endpoint_y"":""ARROW"",""x"":""CreditSpread"",""y"":""EquityVol""},{""endpoint_x"":""TAIL"",""endpoint_y"":""ARROW"",""x"":""DefaultProb"",""y"":""Loss""},{""endpoint_x"":""TAIL"",""endpoint_y"":""ARROW"",""x"":""EquityVol"",""y"":""Loss""},{""endpoint_x"":""CIRCLE"",""endpoint_y"":""ARROW"",""x"":""Leverage"",""y"":""DefaultProb""},{""endpoint_x"":""CIRCLE"",""endpoint_y"":""ARROW"",""x"":""Liquidity"",""y"":""EquityVol""},{""endpoint_x"":""CIRCLE"",""endpoint_y"":""ARROW"",""x"":""RateShock"",""y"":""CreditSpread""}]"
finance_risk_r2,finance_risk,2,2500,7,7,fci_engine.fci_plus,FCI+,fci_engine,0.1.0,claassen_2013_paper,"{""alpha"": 0.001, ""background_knowledge"": null, ""ci_test"": null, ""conservative_colliders"": false, ""conservative_orientation"": false, ""do_pdsep"": false, ""max_cond_set_size"": 3, ""max_path_length"": null, ""orientation_strategy"": ""standard"", ""pdsep_stable"": false, ""sepset_selection"": ""first"", ""skeleton_stable"": false, ""sparsity_bound"": 3, ""verbose"": false}",fisher_z,fixed,0.001,in_process_algorithm_call,completed,,1.0,0.5714285714285714,1.0,0.7857142857142857,0.006407458000467159,142,0,"[{""endpoint_x"":""TAIL"",""endpoint_y"":""ARROW"",""x"":""CreditSpread"",""y"":""DefaultProb""},{""endpoint_x"":""ARROW"",""endpoint_y"":""ARROW"",""x"":""CreditSpread"",""y"":""EquityVol""},{""endpoint_x"":""TAIL"",""endpoint_y"":""ARROW"",""x"":""DefaultProb"",""y"":""Loss""},{""endpoint_x"":""TAIL"",""endpoint_y"":""ARROW"",""x"":""EquityVol"",""y"":""Loss""},{""endpoint_x"":""CIRCLE"",""endpoint_y"":""ARROW"",""x"":""Leverage"",""y"":""DefaultProb""},{""endpoint_x"":""CIRCLE"",""endpoint_y"":""ARROW"",""x"":""Liquidity"",""y"":""EquityVol""},{""endpoint_x"":""CIRCLE"",""endpoint_y"":""ARROW"",""x"":""RateShock"",""y"":""CreditSpread""}]"
finance_risk_r2,finance_risk,2,2500,7,7,fci_engine.fci_plus.robust,FCI+,fci_engine,0.1.0,practical_robust,"{""alpha"": ""auto"", ""background_knowledge"": null, ""ci_test"": null, ""conservative_colliders"": true, ""conservative_orientation"": false, ""do_pdsep"": false, ""max_cond_set_size"": 3, ""max_path_length"": 4, ""orientation_strategy"": ""robust"", ""pdsep_stable"": true, ""sepset_selection"": ""max_pvalue"", ""skeleton_stable"": true, ""sparsity_bound"": 3, ""verbose"": false}",fisher_z,sample_size_auto,0.01,in_process_algorithm_call,completed,,1.0,1.0,1.0,1.0,0.010939624997263309,262,18,"[{""endpoint_x"":""CIRCLE"",""endpoint_y"":""ARROW"",""x"":""CreditSpread"",""y"":""DefaultProb""},{""endpoint_x"":""ARROW"",""endpoint_y"":""ARROW"",""x"":""CreditSpread"",""y"":""EquityVol""},{""endpoint_x"":""CIRCLE"",""endpoint_y"":""ARROW"",""x"":""DefaultProb"",""y"":""Loss""},{""endpoint_x"":""CIRCLE"",""endpoint_y"":""ARROW"",""x"":""EquityVol"",""y"":""Loss""},{""endpoint_x"":""CIRCLE"",""endpoint_y"":""ARROW"",""x"":""Leverage"",""y"":""DefaultProb""},{""endpoint_x"":""CIRCLE"",""endpoint_y"":""ARROW"",""x"":""Liquidity"",""y"":""EquityVol""},{""endpoint_x"":""CIRCLE"",""endpoint_y"":""ARROW"",""x"":""RateShock"",""y"":""CreditSpread""}]"
finance_risk_r2,finance_risk,2,2500,7,7,causal-learn.fci.fisherz,FCI,causal-learn,0.1.4.7,documented_fci_api,"{""alpha"": 0.001, ""depth"": 3, ""max_path_length"": 4}",fisherz,fixed,0.001,in_process_algorithm_call,completed,,1.0,0.5714285714285714,1.0,0.7857142857142857,0.0063047500007087365,,,"[{""endpoint_x"":""TAIL"",""endpoint_y"":""ARROW"",""x"":""CreditSpread"",""y"":""DefaultProb""},{""endpoint_x"":""ARROW"",""endpoint_y"":""ARROW"",""x"":""CreditSpread"",""y"":""EquityVol""},{""endpoint_x"":""TAIL"",""endpoint_y"":""ARROW"",""x"":""DefaultProb"",""y"":""Loss""},{""endpoint_x"":""TAIL"",""endpoint_y"":""ARROW"",""x"":""EquityVol"",""y"":""Loss""},{""endpoint_x"":""CIRCLE"",""endpoint_y"":""ARROW"",""x"":""Leverage"",""y"":""DefaultProb""},{""endpoint_x"":""CIRCLE"",""endpoint_y"":""ARROW"",""x"":""Liquidity"",""y"":""EquityVol""},{""endpoint_x"":""CIRCLE"",""endpoint_y"":""ARROW"",""x"":""RateShock"",""y"":""CreditSpread""}]"
finance_risk_r2,finance_risk,2,2500,7,7,pcalg.fciPlus,FCI+,pcalg,2.7.12,pcalg_fciPlus_default,"{""alpha"": 0.001, ""indepTest"": ""gaussCItest"", ""selectionBias"": true}",gaussCItest,fixed,0.001,external_R_process_including_startup,completed,,1.0,0.5714285714285714,1.0,0.7857142857142857,0.48737887499737553,,,"[{""endpoint_x"":""TAIL"",""endpoint_y"":""ARROW"",""x"":""CreditSpread"",""y"":""DefaultProb""},{""endpoint_x"":""ARROW"",""endpoint_y"":""ARROW"",""x"":""CreditSpread"",""y"":""EquityVol""},{""endpoint_x"":""TAIL"",""endpoint_y"":""ARROW"",""x"":""DefaultProb"",""y"":""Loss""},{""endpoint_x"":""TAIL"",""endpoint_y"":""ARROW"",""x"":""EquityVol"",""y"":""Loss""},{""endpoint_x"":""CIRCLE"",""endpoint_y"":""ARROW"",""x"":""Leverage"",""y"":""DefaultProb""},{""endpoint_x"":""CIRCLE"",""endpoint_y"":""ARROW"",""x"":""Liquidity"",""y"":""EquityVol""},{""endpoint_x"":""CIRCLE"",""endpoint_y"":""ARROW"",""x"":""RateShock"",""y"":""CreditSpread""}]"
manufacturing_quality_r2,manufacturing_quality,2,2500,7,7,fci_engine.fci,FCI,fci_engine,0.1.0,spirtes_2000_paper,"{""alpha"": 0.001, ""background_knowledge"": null, ""ci_test"": null, ""conservative_colliders"": false, ""conservative_orientation"": false, ""do_pdsep"": true, ""max_cond_set_size"": null, ""max_path_length"": null, ""orientation_strategy"": ""spirtes_2000"", ""pdsep_stable"": true, ""sepset_selection"": ""first"", ""skeleton_stable"": false, ""sparsity_bound"": null, ""verbose"": false}",fisher_z,fixed,0.001,in_process_algorithm_call,completed,,1.0,0.5714285714285714,1.0,0.7857142857142857,0.010950000003504101,211,0,"[{""endpoint_x"":""TAIL"",""endpoint_y"":""ARROW"",""x"":""ChamberTemp"",""y"":""DefectRate""},{""endpoint_x"":""ARROW"",""endpoint_y"":""ARROW"",""x"":""ChamberTemp"",""y"":""Vibration""},{""endpoint_x"":""CIRCLE"",""endpoint_y"":""ARROW"",""x"":""Maintenance"",""y"":""Vibration""},{""endpoint_x"":""CIRCLE"",""endpoint_y"":""CIRCLE"",""x"":""Operator"",""y"":""Pressure""},{""endpoint_x"":""CIRCLE"",""endpoint_y"":""ARROW"",""x"":""Pressure"",""y"":""DefectRate""},{""endpoint_x"":""CIRCLE"",""endpoint_y"":""ARROW"",""x"":""Setpoint"",""y"":""ChamberTemp""},{""endpoint_x"":""TAIL"",""endpoint_y"":""ARROW"",""x"":""Vibration"",""y"":""DefectRate""}]"
manufacturing_quality_r2,manufacturing_quality,2,2500,7,7,fci_engine.fci_plus,FCI+,fci_engine,0.1.0,claassen_2013_paper,"{""alpha"": 0.001, ""background_knowledge"": null, ""ci_test"": null, ""conservative_colliders"": false, ""conservative_orientation"": false, ""do_pdsep"": false, ""max_cond_set_size"": 3, ""max_path_length"": null, ""orientation_strategy"": ""standard"", ""pdsep_stable"": false, ""sepset_selection"": ""first"", ""skeleton_stable"": false, ""sparsity_bound"": 3, ""verbose"": false}",fisher_z,fixed,0.001,in_process_algorithm_call,completed,,1.0,0.5714285714285714,1.0,0.7857142857142857,0.005033624998759478,107,0,"[{""endpoint_x"":""TAIL"",""endpoint_y"":""ARROW"",""x"":""ChamberTemp"",""y"":""DefectRate""},{""endpoint_x"":""ARROW"",""endpoint_y"":""ARROW"",""x"":""ChamberTemp"",""y"":""Vibration""},{""endpoint_x"":""CIRCLE"",""endpoint_y"":""ARROW"",""x"":""Maintenance"",""y"":""Vibration""},{""endpoint_x"":""CIRCLE"",""endpoint_y"":""CIRCLE"",""x"":""Operator"",""y"":""Pressure""},{""endpoint_x"":""CIRCLE"",""endpoint_y"":""ARROW"",""x"":""Pressure"",""y"":""DefectRate""},{""endpoint_x"":""CIRCLE"",""endpoint_y"":""ARROW"",""x"":""Setpoint"",""y"":""ChamberTemp""},{""endpoint_x"":""TAIL"",""endpoint_y"":""ARROW"",""x"":""Vibration"",""y"":""DefectRate""}]"
manufacturing_quality_r2,manufacturing_quality,2,2500,7,7,fci_engine.fci_plus.robust,FCI+,fci_engine,0.1.0,practical_robust,"{""alpha"": ""auto"", ""background_knowledge"": null, ""ci_test"": null, ""conservative_colliders"": true, ""conservative_orientation"": false, ""do_pdsep"": false, ""max_cond_set_size"": 3, ""max_path_length"": 4, ""orientation_strategy"": ""robust"", ""pdsep_stable"": true, ""sepset_selection"": ""max_pvalue"", ""skeleton_stable"": true, ""sparsity_bound"": 3, ""verbose"": false}",fisher_z,sample_size_auto,0.01,in_process_algorithm_call,completed,,1.0,0.8571428571428571,1.0,0.9285714285714286,0.00821370799530996,186,0,"[{""endpoint_x"":""CIRCLE"",""endpoint_y"":""ARROW"",""x"":""ChamberTemp"",""y"":""DefectRate""},{""endpoint_x"":""ARROW"",""endpoint_y"":""ARROW"",""x"":""ChamberTemp"",""y"":""Vibration""},{""endpoint_x"":""CIRCLE"",""endpoint_y"":""ARROW"",""x"":""Maintenance"",""y"":""Vibration""},{""endpoint_x"":""CIRCLE"",""endpoint_y"":""CIRCLE"",""x"":""Operator"",""y"":""Pressure""},{""endpoint_x"":""CIRCLE"",""endpoint_y"":""ARROW"",""x"":""Pressure"",""y"":""DefectRate""},{""endpoint_x"":""CIRCLE"",""endpoint_y"":""ARROW"",""x"":""Setpoint"",""y"":""ChamberTemp""},{""endpoint_x"":""CIRCLE"",""endpoint_y"":""ARROW"",""x"":""Vibration"",""y"":""DefectRate""}]"
manufacturing_quality_r2,manufacturing_quality,2,2500,7,7,causal-learn.fci.fisherz,FCI,causal-learn,0.1.4.7,documented_fci_api,"{""alpha"": 0.001, ""depth"": 3, ""max_path_length"": 4}",fisherz,fixed,0.001,in_process_algorithm_call,completed,,1.0,0.5714285714285714,1.0,0.7857142857142857,0.0053569160008919425,,,"[{""endpoint_x"":""TAIL"",""endpoint_y"":""ARROW"",""x"":""ChamberTemp"",""y"":""DefectRate""},{""endpoint_x"":""ARROW"",""endpoint_y"":""ARROW"",""x"":""ChamberTemp"",""y"":""Vibration""},{""endpoint_x"":""CIRCLE"",""endpoint_y"":""ARROW"",""x"":""Maintenance"",""y"":""Vibration""},{""endpoint_x"":""CIRCLE"",""endpoint_y"":""CIRCLE"",""x"":""Operator"",""y"":""Pressure""},{""endpoint_x"":""CIRCLE"",""endpoint_y"":""ARROW"",""x"":""Pressure"",""y"":""DefectRate""},{""endpoint_x"":""CIRCLE"",""endpoint_y"":""ARROW"",""x"":""Setpoint"",""y"":""ChamberTemp""},{""endpoint_x"":""TAIL"",""endpoint_y"":""ARROW"",""x"":""Vibration"",""y"":""DefectRate""}]"
manufacturing_quality_r2,manufacturing_quality,2,2500,7,7,pcalg.fciPlus,FCI+,pcalg,2.7.12,pcalg_fciPlus_default,"{""alpha"": 0.001, ""indepTest"": ""gaussCItest"", ""selectionBias"": true}",gaussCItest,fixed,0.001,external_R_process_including_startup,completed,,1.0,0.5714285714285714,1.0,0.7857142857142857,0.49338191599963466,,,"[{""endpoint_x"":""TAIL"",""endpoint_y"":""ARROW"",""x"":""ChamberTemp"",""y"":""DefectRate""},{""endpoint_x"":""ARROW"",""endpoint_y"":""ARROW"",""x"":""ChamberTemp"",""y"":""Vibration""},{""endpoint_x"":""CIRCLE"",""endpoint_y"":""ARROW"",""x"":""Maintenance"",""y"":""Vibration""},{""endpoint_x"":""CIRCLE"",""endpoint_y"":""CIRCLE"",""x"":""Operator"",""y"":""Pressure""},{""endpoint_x"":""CIRCLE"",""endpoint_y"":""ARROW"",""x"":""Pressure"",""y"":""DefectRate""},{""endpoint_x"":""CIRCLE"",""endpoint_y"":""ARROW"",""x"":""Setpoint"",""y"":""ChamberTemp""},{""endpoint_x"":""TAIL"",""endpoint_y"":""ARROW"",""x"":""Vibration"",""y"":""DefectRate""}]"
enterprise_monitoring_r2,enterprise_monitoring,2,2500,12,13,fci_engine.fci,FCI,fci_engine,0.1.0,spirtes_2000_paper,"{""alpha"": 0.001, ""background_knowledge"": null, ""ci_test"": null, ""conservative_colliders"": false, ""conservative_orientation"": false, ""do_pdsep"": true, ""max_cond_set_size"": null, ""max_path_length"": null, ""orientation_strategy"": ""spirtes_2000"", ""pdsep_stable"": true, ""sepset_selection"": ""first"", ""skeleton_stable"": false, ""sparsity_bound"": null, ""verbose"": false}",fisher_z,fixed,0.001,in_process_algorithm_call,completed,,1.0,0.5384615384615384,1.0,0.7692307692307693,0.06193045899999561,1443,0,"[{""endpoint_x"":""TAIL"",""endpoint_y"":""ARROW"",""x"":""ApiCPU"",""y"":""ApiLatency""},{""endpoint_x"":""ARROW"",""endpoint_y"":""ARROW"",""x"":""ApiCPU"",""y"":""DbCPU""},{""endpoint_x"":""TAIL"",""endpoint_y"":""ARROW"",""x"":""ApiLatency"",""y"":""CheckoutLatency""},{""endpoint_x"":""ARROW"",""endpoint_y"":""ARROW"",""x"":""ApiLatency"",""y"":""DbLatency""},{""endpoint_x"":""CIRCLE"",""endpoint_y"":""ARROW"",""x"":""CacheMiss"",""y"":""DbLatency""},{""endpoint_x"":""CIRCLE"",""endpoint_y"":""CIRCLE"",""x"":""CachePolicy"",""y"":""CacheMiss""},{""endpoint_x"":""TAIL"",""endpoint_y"":""ARROW"",""x"":""CheckoutLatency"",""y"":""ErrorBudget""},{""endpoint_x"":""TAIL"",""endpoint_y"":""ARROW"",""x"":""DbCPU"",""y"":""DbLatency""},{""endpoint_x"":""TAIL"",""endpoint_y"":""ARROW"",""x"":""DbLatency"",""y"":""CheckoutLatency""},{""endpoint_x"":""CIRCLE"",""endpoint_y"":""ARROW"",""x"":""DeployA"",""y"":""ApiCPU""},{""endpoint_x"":""CIRCLE"",""endpoint_y"":""ARROW"",""x"":""DeployB"",""y"":""DbCPU""},{""endpoint_x"":""CIRCLE"",""endpoint_y"":""CIRCLE"",""x"":""Marketing"",""y"":""SearchQPS""},{""endpoint_x"":""CIRCLE"",""endpoint_y"":""ARROW"",""x"":""SearchQPS"",""y"":""ApiLatency""}]"
enterprise_monitoring_r2,enterprise_monitoring,2,2500,12,13,fci_engine.fci_plus,FCI+,fci_engine,0.1.0,claassen_2013_paper,"{""alpha"": 0.001, ""background_knowledge"": null, ""ci_test"": null, ""conservative_colliders"": false, ""conservative_orientation"": false, ""do_pdsep"": false, ""max_cond_set_size"": 3, ""max_path_length"": null, ""orientation_strategy"": ""standard"", ""pdsep_stable"": false, ""sepset_selection"": ""first"", ""skeleton_stable"": false, ""sparsity_bound"": 3, ""verbose"": false}",fisher_z,fixed,0.001,in_process_algorithm_call,completed,,1.0,0.5384615384615384,1.0,0.7692307692307693,0.02272308399551548,518,0,"[{""endpoint_x"":""TAIL"",""endpoint_y"":""ARROW"",""x"":""ApiCPU"",""y"":""ApiLatency""},{""endpoint_x"":""ARROW"",""endpoint_y"":""ARROW"",""x"":""ApiCPU"",""y"":""DbCPU""},{""endpoint_x"":""TAIL"",""endpoint_y"":""ARROW"",""x"":""ApiLatency"",""y"":""CheckoutLatency""},{""endpoint_x"":""ARROW"",""endpoint_y"":""ARROW"",""x"":""ApiLatency"",""y"":""DbLatency""},{""endpoint_x"":""CIRCLE"",""endpoint_y"":""ARROW"",""x"":""CacheMiss"",""y"":""DbLatency""},{""endpoint_x"":""CIRCLE"",""endpoint_y"":""CIRCLE"",""x"":""CachePolicy"",""y"":""CacheMiss""},{""endpoint_x"":""TAIL"",""endpoint_y"":""ARROW"",""x"":""CheckoutLatency"",""y"":""ErrorBudget""},{""endpoint_x"":""TAIL"",""endpoint_y"":""ARROW"",""x"":""DbCPU"",""y"":""DbLatency""},{""endpoint_x"":""TAIL"",""endpoint_y"":""ARROW"",""x"":""DbLatency"",""y"":""CheckoutLatency""},{""endpoint_x"":""CIRCLE"",""endpoint_y"":""ARROW"",""x"":""DeployA"",""y"":""ApiCPU""},{""endpoint_x"":""CIRCLE"",""endpoint_y"":""ARROW"",""x"":""DeployB"",""y"":""DbCPU""},{""endpoint_x"":""CIRCLE"",""endpoint_y"":""CIRCLE"",""x"":""Marketing"",""y"":""SearchQPS""},{""endpoint_x"":""CIRCLE"",""endpoint_y"":""ARROW"",""x"":""SearchQPS"",""y"":""ApiLatency""}]"
enterprise_monitoring_r2,enterprise_monitoring,2,2500,12,13,fci_engine.fci_plus.robust,FCI+,fci_engine,0.1.0,practical_robust,"{""alpha"": ""auto"", ""background_knowledge"": null, ""ci_test"": null, ""conservative_colliders"": true, ""conservative_orientation"": false, ""do_pdsep"": false, ""max_cond_set_size"": 3, ""max_path_length"": 4, ""orientation_strategy"": ""robust"", ""pdsep_stable"": true, ""sepset_selection"": ""max_pvalue"", ""skeleton_stable"": true, ""sparsity_bound"": 3, ""verbose"": false}",fisher_z,sample_size_auto,0.01,in_process_algorithm_call,completed,,1.0,0.6153846153846154,1.0,0.7692307692307693,0.06025612499797717,1138,36,"[{""endpoint_x"":""CIRCLE"",""endpoint_y"":""ARROW"",""x"":""ApiCPU"",""y"":""ApiLatency""},{""endpoint_x"":""ARROW"",""endpoint_y"":""ARROW"",""x"":""ApiCPU"",""y"":""DbCPU""},{""endpoint_x"":""CIRCLE"",""endpoint_y"":""CIRCLE"",""x"":""ApiLatency"",""y"":""CheckoutLatency""},{""endpoint_x"":""ARROW"",""endpoint_y"":""ARROW"",""x"":""ApiLatency"",""y"":""DbLatency""},{""endpoint_x"":""CIRCLE"",""endpoint_y"":""ARROW"",""x"":""CacheMiss"",""y"":""DbLatency""},{""endpoint_x"":""CIRCLE"",""endpoint_y"":""CIRCLE"",""x"":""CachePolicy"",""y"":""CacheMiss""},{""endpoint_x"":""CIRCLE"",""endpoint_y"":""CIRCLE"",""x"":""CheckoutLatency"",""y"":""ErrorBudget""},{""endpoint_x"":""CIRCLE"",""endpoint_y"":""ARROW"",""x"":""DbCPU"",""y"":""DbLatency""},{""endpoint_x"":""CIRCLE"",""endpoint_y"":""CIRCLE"",""x"":""DbLatency"",""y"":""CheckoutLatency""},{""endpoint_x"":""CIRCLE"",""endpoint_y"":""ARROW"",""x"":""DeployA"",""y"":""ApiCPU""},{""endpoint_x"":""CIRCLE"",""endpoint_y"":""ARROW"",""x"":""DeployB"",""y"":""DbCPU""},{""endpoint_x"":""CIRCLE"",""endpoint_y"":""CIRCLE"",""x"":""Marketing"",""y"":""SearchQPS""},{""endpoint_x"":""CIRCLE"",""endpoint_y"":""ARROW"",""x"":""SearchQPS"",""y"":""ApiLatency""}]"
enterprise_monitoring_r2,enterprise_monitoring,2,2500,12,13,causal-learn.fci.fisherz,FCI,causal-learn,0.1.4.7,documented_fci_api,"{""alpha"": 0.001, ""depth"": 3, ""max_path_length"": 4}",fisherz,fixed,0.001,in_process_algorithm_call,completed,,1.0,0.5384615384615384,1.0,0.7692307692307693,0.025707707995024975,,,"[{""endpoint_x"":""TAIL"",""endpoint_y"":""ARROW"",""x"":""ApiCPU"",""y"":""ApiLatency""},{""endpoint_x"":""ARROW"",""endpoint_y"":""ARROW"",""x"":""ApiCPU"",""y"":""DbCPU""},{""endpoint_x"":""TAIL"",""endpoint_y"":""ARROW"",""x"":""ApiLatency"",""y"":""CheckoutLatency""},{""endpoint_x"":""ARROW"",""endpoint_y"":""ARROW"",""x"":""ApiLatency"",""y"":""DbLatency""},{""endpoint_x"":""CIRCLE"",""endpoint_y"":""ARROW"",""x"":""CacheMiss"",""y"":""DbLatency""},{""endpoint_x"":""CIRCLE"",""endpoint_y"":""CIRCLE"",""x"":""CachePolicy"",""y"":""CacheMiss""},{""endpoint_x"":""TAIL"",""endpoint_y"":""ARROW"",""x"":""CheckoutLatency"",""y"":""ErrorBudget""},{""endpoint_x"":""TAIL"",""endpoint_y"":""ARROW"",""x"":""DbCPU"",""y"":""DbLatency""},{""endpoint_x"":""TAIL"",""endpoint_y"":""ARROW"",""x"":""DbLatency"",""y"":""CheckoutLatency""},{""endpoint_x"":""CIRCLE"",""endpoint_y"":""ARROW"",""x"":""DeployA"",""y"":""ApiCPU""},{""endpoint_x"":""CIRCLE"",""endpoint_y"":""ARROW"",""x"":""DeployB"",""y"":""DbCPU""},{""endpoint_x"":""CIRCLE"",""endpoint_y"":""CIRCLE"",""x"":""Marketing"",""y"":""SearchQPS""},{""endpoint_x"":""CIRCLE"",""endpoint_y"":""ARROW"",""x"":""SearchQPS"",""y"":""ApiLatency""}]"
enterprise_monitoring_r2,enterprise_monitoring,2,2500,12,13,pcalg.fciPlus,FCI+,pcalg,2.7.12,pcalg_fciPlus_default,"{""alpha"": 0.001, ""indepTest"": ""gaussCItest"", ""selectionBias"": true}",gaussCItest,fixed,0.001,external_R_process_including_startup,completed,,1.0,0.5384615384615384,1.0,0.7692307692307693,0.5262744580031722,,,"[{""endpoint_x"":""TAIL"",""endpoint_y"":""ARROW"",""x"":""ApiCPU"",""y"":""ApiLatency""},{""endpoint_x"":""ARROW"",""endpoint_y"":""ARROW"",""x"":""ApiCPU"",""y"":""DbCPU""},{""endpoint_x"":""TAIL"",""endpoint_y"":""ARROW"",""x"":""ApiLatency"",""y"":""CheckoutLatency""},{""endpoint_x"":""ARROW"",""endpoint_y"":""ARROW"",""x"":""ApiLatency"",""y"":""DbLatency""},{""endpoint_x"":""CIRCLE"",""endpoint_y"":""ARROW"",""x"":""CacheMiss"",""y"":""DbLatency""},{""endpoint_x"":""CIRCLE"",""endpoint_y"":""CIRCLE"",""x"":""CachePolicy"",""y"":""CacheMiss""},{""endpoint_x"":""TAIL"",""endpoint_y"":""ARROW"",""x"":""CheckoutLatency"",""y"":""ErrorBudget""},{""endpoint_x"":""TAIL"",""endpoint_y"":""ARROW"",""x"":""DbCPU"",""y"":""DbLatency""},{""endpoint_x"":""TAIL"",""endpoint_y"":""ARROW"",""x"":""DbLatency"",""y"":""CheckoutLatency""},{""endpoint_x"":""CIRCLE"",""endpoint_y"":""ARROW"",""x"":""DeployA"",""y"":""ApiCPU""},{""endpoint_x"":""CIRCLE"",""endpoint_y"":""ARROW"",""x"":""DeployB"",""y"":""DbCPU""},{""endpoint_x"":""CIRCLE"",""endpoint_y"":""CIRCLE"",""x"":""Marketing"",""y"":""SearchQPS""},{""endpoint_x"":""CIRCLE"",""endpoint_y"":""ARROW"",""x"":""SearchQPS"",""y"":""ApiLatency""}]"
hospital_triage_r3,hospital_triage,3,2500,7,7,fci_engine.fci,FCI,fci_engine,0.1.0,spirtes_2000_paper,"{""alpha"": 0.001, ""background_knowledge"": null, ""ci_test"": null, ""conservative_colliders"": false, ""conservative_orientation"": false, ""do_pdsep"": true, ""max_cond_set_size"": null, ""max_path_length"": null, ""orientation_strategy"": ""spirtes_2000"", ""pdsep_stable"": true, ""sepset_selection"": ""first"", ""skeleton_stable"": false, ""sparsity_bound"": null, ""verbose"": false}",fisher_z,fixed,0.001,in_process_algorithm_call,completed,,1.0,0.5714285714285714,0.8571428571428571,0.7857142857142857,0.014572250001947396,312,0,"[{""endpoint_x"":""CIRCLE"",""endpoint_y"":""ARROW"",""x"":""Comorbidity"",""y"":""Inflammation""},{""endpoint_x"":""CIRCLE"",""endpoint_y"":""ARROW"",""x"":""GeneticRisk"",""y"":""Inflammation""},{""endpoint_x"":""ARROW"",""endpoint_y"":""ARROW"",""x"":""Inflammation"",""y"":""Oxygen""},{""endpoint_x"":""TAIL"",""endpoint_y"":""ARROW"",""x"":""Inflammation"",""y"":""Treatment""},{""endpoint_x"":""ARROW"",""endpoint_y"":""ARROW"",""x"":""Oxygen"",""y"":""Recovery""},{""endpoint_x"":""CIRCLE"",""endpoint_y"":""ARROW"",""x"":""Protocol"",""y"":""Treatment""},{""endpoint_x"":""ARROW"",""endpoint_y"":""ARROW"",""x"":""Treatment"",""y"":""Recovery""}]"
hospital_triage_r3,hospital_triage,3,2500,7,7,fci_engine.fci_plus,FCI+,fci_engine,0.1.0,claassen_2013_paper,"{""alpha"": 0.001, ""background_knowledge"": null, ""ci_test"": null, ""conservative_colliders"": false, ""conservative_orientation"": false, ""do_pdsep"": false, ""max_cond_set_size"": 3, ""max_path_length"": null, ""orientation_strategy"": ""standard"", ""pdsep_stable"": false, ""sepset_selection"": ""first"", ""skeleton_stable"": false, ""sparsity_bound"": 3, ""verbose"": false}",fisher_z,fixed,0.001,in_process_algorithm_call,completed,,1.0,0.5714285714285714,0.8571428571428571,0.7857142857142857,0.0059413330018287525,125,0,"[{""endpoint_x"":""CIRCLE"",""endpoint_y"":""ARROW"",""x"":""Comorbidity"",""y"":""Inflammation""},{""endpoint_x"":""CIRCLE"",""endpoint_y"":""ARROW"",""x"":""GeneticRisk"",""y"":""Inflammation""},{""endpoint_x"":""ARROW"",""endpoint_y"":""ARROW"",""x"":""Inflammation"",""y"":""Oxygen""},{""endpoint_x"":""TAIL"",""endpoint_y"":""ARROW"",""x"":""Inflammation"",""y"":""Treatment""},{""endpoint_x"":""ARROW"",""endpoint_y"":""ARROW"",""x"":""Oxygen"",""y"":""Recovery""},{""endpoint_x"":""CIRCLE"",""endpoint_y"":""ARROW"",""x"":""Protocol"",""y"":""Treatment""},{""endpoint_x"":""ARROW"",""endpoint_y"":""ARROW"",""x"":""Treatment"",""y"":""Recovery""}]"
hospital_triage_r3,hospital_triage,3,2500,7,7,fci_engine.fci_plus.robust,FCI+,fci_engine,0.1.0,practical_robust,"{""alpha"": ""auto"", ""background_knowledge"": null, ""ci_test"": null, ""conservative_colliders"": true, ""conservative_orientation"": false, ""do_pdsep"": false, ""max_cond_set_size"": 3, ""max_path_length"": 4, ""orientation_strategy"": ""robust"", ""pdsep_stable"": true, ""sepset_selection"": ""max_pvalue"", ""skeleton_stable"": true, ""sparsity_bound"": 3, ""verbose"": false}",fisher_z,sample_size_auto,0.01,in_process_algorithm_call,completed,,1.0,0.7142857142857143,1.0,0.8571428571428571,0.010164500003156718,241,21,"[{""endpoint_x"":""CIRCLE"",""endpoint_y"":""ARROW"",""x"":""Comorbidity"",""y"":""Inflammation""},{""endpoint_x"":""CIRCLE"",""endpoint_y"":""ARROW"",""x"":""GeneticRisk"",""y"":""Inflammation""},{""endpoint_x"":""ARROW"",""endpoint_y"":""CIRCLE"",""x"":""Inflammation"",""y"":""Oxygen""},{""endpoint_x"":""CIRCLE"",""endpoint_y"":""ARROW"",""x"":""Inflammation"",""y"":""Treatment""},{""endpoint_x"":""CIRCLE"",""endpoint_y"":""ARROW"",""x"":""Oxygen"",""y"":""Recovery""},{""endpoint_x"":""CIRCLE"",""endpoint_y"":""ARROW"",""x"":""Protocol"",""y"":""Treatment""},{""endpoint_x"":""CIRCLE"",""endpoint_y"":""ARROW"",""x"":""Treatment"",""y"":""Recovery""}]"
hospital_triage_r3,hospital_triage,3,2500,7,7,causal-learn.fci.fisherz,FCI,causal-learn,0.1.4.7,documented_fci_api,"{""alpha"": 0.001, ""depth"": 3, ""max_path_length"": 4}",fisherz,fixed,0.001,in_process_algorithm_call,completed,,1.0,0.5714285714285714,0.8571428571428571,0.7857142857142857,0.005738916996051557,,,"[{""endpoint_x"":""CIRCLE"",""endpoint_y"":""ARROW"",""x"":""Comorbidity"",""y"":""Inflammation""},{""endpoint_x"":""CIRCLE"",""endpoint_y"":""ARROW"",""x"":""GeneticRisk"",""y"":""Inflammation""},{""endpoint_x"":""ARROW"",""endpoint_y"":""ARROW"",""x"":""Inflammation"",""y"":""Oxygen""},{""endpoint_x"":""TAIL"",""endpoint_y"":""ARROW"",""x"":""Inflammation"",""y"":""Treatment""},{""endpoint_x"":""ARROW"",""endpoint_y"":""ARROW"",""x"":""Oxygen"",""y"":""Recovery""},{""endpoint_x"":""CIRCLE"",""endpoint_y"":""ARROW"",""x"":""Protocol"",""y"":""Treatment""},{""endpoint_x"":""ARROW"",""endpoint_y"":""ARROW"",""x"":""Treatment"",""y"":""Recovery""}]"
hospital_triage_r3,hospital_triage,3,2500,7,7,pcalg.fciPlus,FCI+,pcalg,2.7.12,pcalg_fciPlus_default,"{""alpha"": 0.001, ""indepTest"": ""gaussCItest"", ""selectionBias"": true}",gaussCItest,fixed,0.001,external_R_process_including_startup,completed,,1.0,0.5714285714285714,0.8571428571428571,0.7857142857142857,0.4881392909956048,,,"[{""endpoint_x"":""CIRCLE"",""endpoint_y"":""ARROW"",""x"":""Comorbidity"",""y"":""Inflammation""},{""endpoint_x"":""CIRCLE"",""endpoint_y"":""ARROW"",""x"":""GeneticRisk"",""y"":""Inflammation""},{""endpoint_x"":""ARROW"",""endpoint_y"":""ARROW"",""x"":""Inflammation"",""y"":""Oxygen""},{""endpoint_x"":""TAIL"",""endpoint_y"":""ARROW"",""x"":""Inflammation"",""y"":""Treatment""},{""endpoint_x"":""ARROW"",""endpoint_y"":""ARROW"",""x"":""Oxygen"",""y"":""Recovery""},{""endpoint_x"":""CIRCLE"",""endpoint_y"":""ARROW"",""x"":""Protocol"",""y"":""Treatment""},{""endpoint_x"":""ARROW"",""endpoint_y"":""ARROW"",""x"":""Treatment"",""y"":""Recovery""}]"
microservice_incident_r3,microservice_incident,3,2500,7,7,fci_engine.fci,FCI,fci_engine,0.1.0,spirtes_2000_paper,"{""alpha"": 0.001, ""background_knowledge"": null, ""ci_test"": null, ""conservative_colliders"": false, ""conservative_orientation"": false, ""do_pdsep"": true, ""max_cond_set_size"": null, ""max_path_length"": null, ""orientation_strategy"": ""spirtes_2000"", ""pdsep_stable"": true, ""sepset_selection"": ""first"", ""skeleton_stable"": false, ""sparsity_bound"": null, ""verbose"": false}",fisher_z,fixed,0.001,in_process_algorithm_call,completed,,0.923076923076923,0.4615384615384615,0.923076923076923,0.6428571428571429,0.006065499997930601,116,0,"[{""endpoint_x"":""CIRCLE"",""endpoint_y"":""ARROW"",""x"":""AuthLatency"",""y"":""ErrorRate""},{""endpoint_x"":""CIRCLE"",""endpoint_y"":""CIRCLE"",""x"":""CacheHit"",""y"":""PaymentLatency""},{""endpoint_x"":""CIRCLE"",""endpoint_y"":""ARROW"",""x"":""Deploy"",""y"":""ErrorRate""},{""endpoint_x"":""CIRCLE"",""endpoint_y"":""ARROW"",""x"":""PaymentLatency"",""y"":""ErrorRate""},{""endpoint_x"":""CIRCLE"",""endpoint_y"":""CIRCLE"",""x"":""QueueDepth"",""y"":""AuthLatency""},{""endpoint_x"":""CIRCLE"",""endpoint_y"":""CIRCLE"",""x"":""Traffic"",""y"":""QueueDepth""}]"
microservice_incident_r3,microservice_incident,3,2500,7,7,fci_engine.fci_plus,FCI+,fci_engine,0.1.0,claassen_2013_paper,"{""alpha"": 0.001, ""background_knowledge"": null, ""ci_test"": null, ""conservative_colliders"": false, ""conservative_orientation"": false, ""do_pdsep"": false, ""max_cond_set_size"": 3, ""max_path_length"": null, ""orientation_strategy"": ""standard"", ""pdsep_stable"": false, ""sepset_selection"": ""first"", ""skeleton_stable"": false, ""sparsity_bound"": 3, ""verbose"": false}",fisher_z,fixed,0.001,in_process_algorithm_call,completed,,0.923076923076923,0.4615384615384615,0.923076923076923,0.6428571428571429,0.005319457995938137,115,0,"[{""endpoint_x"":""CIRCLE"",""endpoint_y"":""ARROW"",""x"":""AuthLatency"",""y"":""ErrorRate""},{""endpoint_x"":""CIRCLE"",""endpoint_y"":""CIRCLE"",""x"":""CacheHit"",""y"":""PaymentLatency""},{""endpoint_x"":""CIRCLE"",""endpoint_y"":""ARROW"",""x"":""Deploy"",""y"":""ErrorRate""},{""endpoint_x"":""CIRCLE"",""endpoint_y"":""ARROW"",""x"":""PaymentLatency"",""y"":""ErrorRate""},{""endpoint_x"":""CIRCLE"",""endpoint_y"":""CIRCLE"",""x"":""QueueDepth"",""y"":""AuthLatency""},{""endpoint_x"":""CIRCLE"",""endpoint_y"":""CIRCLE"",""x"":""Traffic"",""y"":""QueueDepth""}]"
microservice_incident_r3,microservice_incident,3,2500,7,7,fci_engine.fci_plus.robust,FCI+,fci_engine,0.1.0,practical_robust,"{""alpha"": ""auto"", ""background_knowledge"": null, ""ci_test"": null, ""conservative_colliders"": true, ""conservative_orientation"": false, ""do_pdsep"": false, ""max_cond_set_size"": 3, ""max_path_length"": 4, ""orientation_strategy"": ""robust"", ""pdsep_stable"": true, ""sepset_selection"": ""max_pvalue"", ""skeleton_stable"": true, ""sparsity_bound"": 3, ""verbose"": false}",fisher_z,sample_size_auto,0.01,in_process_algorithm_call,completed,,0.923076923076923,0.4615384615384615,0.923076923076923,0.6428571428571429,0.008023415997740813,170,0,"[{""endpoint_x"":""CIRCLE"",""endpoint_y"":""ARROW"",""x"":""AuthLatency"",""y"":""ErrorRate""},{""endpoint_x"":""CIRCLE"",""endpoint_y"":""CIRCLE"",""x"":""CacheHit"",""y"":""PaymentLatency""},{""endpoint_x"":""CIRCLE"",""endpoint_y"":""ARROW"",""x"":""Deploy"",""y"":""ErrorRate""},{""endpoint_x"":""CIRCLE"",""endpoint_y"":""ARROW"",""x"":""PaymentLatency"",""y"":""ErrorRate""},{""endpoint_x"":""CIRCLE"",""endpoint_y"":""CIRCLE"",""x"":""QueueDepth"",""y"":""AuthLatency""},{""endpoint_x"":""CIRCLE"",""endpoint_y"":""CIRCLE"",""x"":""Traffic"",""y"":""QueueDepth""}]"
microservice_incident_r3,microservice_incident,3,2500,7,7,causal-learn.fci.fisherz,FCI,causal-learn,0.1.4.7,documented_fci_api,"{""alpha"": 0.001, ""depth"": 3, ""max_path_length"": 4}",fisherz,fixed,0.001,in_process_algorithm_call,completed,,0.923076923076923,0.4615384615384615,0.923076923076923,0.6428571428571429,0.004345457993622404,,,"[{""endpoint_x"":""CIRCLE"",""endpoint_y"":""ARROW"",""x"":""AuthLatency"",""y"":""ErrorRate""},{""endpoint_x"":""CIRCLE"",""endpoint_y"":""CIRCLE"",""x"":""CacheHit"",""y"":""PaymentLatency""},{""endpoint_x"":""CIRCLE"",""endpoint_y"":""ARROW"",""x"":""Deploy"",""y"":""ErrorRate""},{""endpoint_x"":""CIRCLE"",""endpoint_y"":""ARROW"",""x"":""PaymentLatency"",""y"":""ErrorRate""},{""endpoint_x"":""CIRCLE"",""endpoint_y"":""CIRCLE"",""x"":""QueueDepth"",""y"":""AuthLatency""},{""endpoint_x"":""CIRCLE"",""endpoint_y"":""CIRCLE"",""x"":""Traffic"",""y"":""QueueDepth""}]"
microservice_incident_r3,microservice_incident,3,2500,7,7,pcalg.fciPlus,FCI+,pcalg,2.7.12,pcalg_fciPlus_default,"{""alpha"": 0.001, ""indepTest"": ""gaussCItest"", ""selectionBias"": true}",gaussCItest,fixed,0.001,external_R_process_including_startup,completed,,0.923076923076923,0.4615384615384615,0.923076923076923,0.6428571428571429,0.4896785419987282,,,"[{""endpoint_x"":""CIRCLE"",""endpoint_y"":""ARROW"",""x"":""AuthLatency"",""y"":""ErrorRate""},{""endpoint_x"":""CIRCLE"",""endpoint_y"":""CIRCLE"",""x"":""CacheHit"",""y"":""PaymentLatency""},{""endpoint_x"":""CIRCLE"",""endpoint_y"":""ARROW"",""x"":""Deploy"",""y"":""ErrorRate""},{""endpoint_x"":""CIRCLE"",""endpoint_y"":""ARROW"",""x"":""PaymentLatency"",""y"":""ErrorRate""},{""endpoint_x"":""CIRCLE"",""endpoint_y"":""CIRCLE"",""x"":""QueueDepth"",""y"":""AuthLatency""},{""endpoint_x"":""CIRCLE"",""endpoint_y"":""CIRCLE"",""x"":""Traffic"",""y"":""QueueDepth""}]"
finance_risk_r3,finance_risk,3,2500,7,7,fci_engine.fci,FCI,fci_engine,0.1.0,spirtes_2000_paper,"{""alpha"": 0.001, ""background_knowledge"": null, ""ci_test"": null, ""conservative_colliders"": false, ""conservative_orientation"": false, ""do_pdsep"": true, ""max_cond_set_size"": null, ""max_path_length"": null, ""orientation_strategy"": ""spirtes_2000"", ""pdsep_stable"": true, ""sepset_selection"": ""first"", ""skeleton_stable"": false, ""sparsity_bound"": null, ""verbose"": false}",fisher_z,fixed,0.001,in_process_algorithm_call,completed,,1.0,0.5714285714285714,1.0,0.7857142857142857,0.009819833001529332,211,0,"[{""endpoint_x"":""TAIL"",""endpoint_y"":""ARROW"",""x"":""CreditSpread"",""y"":""DefaultProb""},{""endpoint_x"":""ARROW"",""endpoint_y"":""ARROW"",""x"":""CreditSpread"",""y"":""EquityVol""},{""endpoint_x"":""TAIL"",""endpoint_y"":""ARROW"",""x"":""DefaultProb"",""y"":""Loss""},{""endpoint_x"":""TAIL"",""endpoint_y"":""ARROW"",""x"":""EquityVol"",""y"":""Loss""},{""endpoint_x"":""CIRCLE"",""endpoint_y"":""ARROW"",""x"":""Leverage"",""y"":""DefaultProb""},{""endpoint_x"":""CIRCLE"",""endpoint_y"":""ARROW"",""x"":""Liquidity"",""y"":""EquityVol""},{""endpoint_x"":""CIRCLE"",""endpoint_y"":""ARROW"",""x"":""RateShock"",""y"":""CreditSpread""}]"
finance_risk_r3,finance_risk,3,2500,7,7,fci_engine.fci_plus,FCI+,fci_engine,0.1.0,claassen_2013_paper,"{""alpha"": 0.001, ""background_knowledge"": null, ""ci_test"": null, ""conservative_colliders"": false, ""conservative_orientation"": false, ""do_pdsep"": false, ""max_cond_set_size"": 3, ""max_path_length"": null, ""orientation_strategy"": ""standard"", ""pdsep_stable"": false, ""sepset_selection"": ""first"", ""skeleton_stable"": false, ""sparsity_bound"": 3, ""verbose"": false}",fisher_z,fixed,0.001,in_process_algorithm_call,completed,,1.0,0.5714285714285714,1.0,0.7857142857142857,0.006247124998481013,142,0,"[{""endpoint_x"":""TAIL"",""endpoint_y"":""ARROW"",""x"":""CreditSpread"",""y"":""DefaultProb""},{""endpoint_x"":""ARROW"",""endpoint_y"":""ARROW"",""x"":""CreditSpread"",""y"":""EquityVol""},{""endpoint_x"":""TAIL"",""endpoint_y"":""ARROW"",""x"":""DefaultProb"",""y"":""Loss""},{""endpoint_x"":""TAIL"",""endpoint_y"":""ARROW"",""x"":""EquityVol"",""y"":""Loss""},{""endpoint_x"":""CIRCLE"",""endpoint_y"":""ARROW"",""x"":""Leverage"",""y"":""DefaultProb""},{""endpoint_x"":""CIRCLE"",""endpoint_y"":""ARROW"",""x"":""Liquidity"",""y"":""EquityVol""},{""endpoint_x"":""CIRCLE"",""endpoint_y"":""ARROW"",""x"":""RateShock"",""y"":""CreditSpread""}]"
finance_risk_r3,finance_risk,3,2500,7,7,fci_engine.fci_plus.robust,FCI+,fci_engine,0.1.0,practical_robust,"{""alpha"": ""auto"", ""background_knowledge"": null, ""ci_test"": null, ""conservative_colliders"": true, ""conservative_orientation"": false, ""do_pdsep"": false, ""max_cond_set_size"": 3, ""max_path_length"": 4, ""orientation_strategy"": ""robust"", ""pdsep_stable"": true, ""sepset_selection"": ""max_pvalue"", ""skeleton_stable"": true, ""sparsity_bound"": 3, ""verbose"": false}",fisher_z,sample_size_auto,0.01,in_process_algorithm_call,completed,,1.0,1.0,1.0,1.0,0.010107833004440181,261,18,"[{""endpoint_x"":""CIRCLE"",""endpoint_y"":""ARROW"",""x"":""CreditSpread"",""y"":""DefaultProb""},{""endpoint_x"":""ARROW"",""endpoint_y"":""ARROW"",""x"":""CreditSpread"",""y"":""EquityVol""},{""endpoint_x"":""CIRCLE"",""endpoint_y"":""ARROW"",""x"":""DefaultProb"",""y"":""Loss""},{""endpoint_x"":""CIRCLE"",""endpoint_y"":""ARROW"",""x"":""EquityVol"",""y"":""Loss""},{""endpoint_x"":""CIRCLE"",""endpoint_y"":""ARROW"",""x"":""Leverage"",""y"":""DefaultProb""},{""endpoint_x"":""CIRCLE"",""endpoint_y"":""ARROW"",""x"":""Liquidity"",""y"":""EquityVol""},{""endpoint_x"":""CIRCLE"",""endpoint_y"":""ARROW"",""x"":""RateShock"",""y"":""CreditSpread""}]"
finance_risk_r3,finance_risk,3,2500,7,7,causal-learn.fci.fisherz,FCI,causal-learn,0.1.4.7,documented_fci_api,"{""alpha"": 0.001, ""depth"": 3, ""max_path_length"": 4}",fisherz,fixed,0.001,in_process_algorithm_call,completed,,1.0,0.5714285714285714,1.0,0.7857142857142857,0.0062067920007393695,,,"[{""endpoint_x"":""TAIL"",""endpoint_y"":""ARROW"",""x"":""CreditSpread"",""y"":""DefaultProb""},{""endpoint_x"":""ARROW"",""endpoint_y"":""ARROW"",""x"":""CreditSpread"",""y"":""EquityVol""},{""endpoint_x"":""TAIL"",""endpoint_y"":""ARROW"",""x"":""DefaultProb"",""y"":""Loss""},{""endpoint_x"":""TAIL"",""endpoint_y"":""ARROW"",""x"":""EquityVol"",""y"":""Loss""},{""endpoint_x"":""CIRCLE"",""endpoint_y"":""ARROW"",""x"":""Leverage"",""y"":""DefaultProb""},{""endpoint_x"":""CIRCLE"",""endpoint_y"":""ARROW"",""x"":""Liquidity"",""y"":""EquityVol""},{""endpoint_x"":""CIRCLE"",""endpoint_y"":""ARROW"",""x"":""RateShock"",""y"":""CreditSpread""}]"
finance_risk_r3,finance_risk,3,2500,7,7,pcalg.fciPlus,FCI+,pcalg,2.7.12,pcalg_fciPlus_default,"{""alpha"": 0.001, ""indepTest"": ""gaussCItest"", ""selectionBias"": true}",gaussCItest,fixed,0.001,external_R_process_including_startup,completed,,1.0,0.5714285714285714,1.0,0.7857142857142857,0.49196508399472805,,,"[{""endpoint_x"":""TAIL"",""endpoint_y"":""ARROW"",""x"":""CreditSpread"",""y"":""DefaultProb""},{""endpoint_x"":""ARROW"",""endpoint_y"":""ARROW"",""x"":""CreditSpread"",""y"":""EquityVol""},{""endpoint_x"":""TAIL"",""endpoint_y"":""ARROW"",""x"":""DefaultProb"",""y"":""Loss""},{""endpoint_x"":""TAIL"",""endpoint_y"":""ARROW"",""x"":""EquityVol"",""y"":""Loss""},{""endpoint_x"":""CIRCLE"",""endpoint_y"":""ARROW"",""x"":""Leverage"",""y"":""DefaultProb""},{""endpoint_x"":""CIRCLE"",""endpoint_y"":""ARROW"",""x"":""Liquidity"",""y"":""EquityVol""},{""endpoint_x"":""CIRCLE"",""endpoint_y"":""ARROW"",""x"":""RateShock"",""y"":""CreditSpread""}]"
manufacturing_quality_r3,manufacturing_quality,3,2500,7,7,fci_engine.fci,FCI,fci_engine,0.1.0,spirtes_2000_paper,"{""alpha"": 0.001, ""background_knowledge"": null, ""ci_test"": null, ""conservative_colliders"": false, ""conservative_orientation"": false, ""do_pdsep"": true, ""max_cond_set_size"": null, ""max_path_length"": null, ""orientation_strategy"": ""spirtes_2000"", ""pdsep_stable"": true, ""sepset_selection"": ""first"", ""skeleton_stable"": false, ""sparsity_bound"": null, ""verbose"": false}",fisher_z,fixed,0.001,in_process_algorithm_call,completed,,0.923076923076923,0.4615384615384615,0.923076923076923,0.6428571428571429,0.00648012499732431,112,0,"[{""endpoint_x"":""CIRCLE"",""endpoint_y"":""ARROW"",""x"":""ChamberTemp"",""y"":""DefectRate""},{""endpoint_x"":""CIRCLE"",""endpoint_y"":""CIRCLE"",""x"":""Maintenance"",""y"":""Vibration""},{""endpoint_x"":""CIRCLE"",""endpoint_y"":""CIRCLE"",""x"":""Operator"",""y"":""Pressure""},{""endpoint_x"":""CIRCLE"",""endpoint_y"":""ARROW"",""x"":""Pressure"",""y"":""DefectRate""},{""endpoint_x"":""CIRCLE"",""endpoint_y"":""CIRCLE"",""x"":""Setpoint"",""y"":""ChamberTemp""},{""endpoint_x"":""CIRCLE"",""endpoint_y"":""ARROW"",""x"":""Vibration"",""y"":""DefectRate""}]"
manufacturing_quality_r3,manufacturing_quality,3,2500,7,7,fci_engine.fci_plus,FCI+,fci_engine,0.1.0,claassen_2013_paper,"{""alpha"": 0.001, ""background_knowledge"": null, ""ci_test"": null, ""conservative_colliders"": false, ""conservative_orientation"": false, ""do_pdsep"": false, ""max_cond_set_size"": 3, ""max_path_length"": null, ""orientation_strategy"": ""standard"", ""pdsep_stable"": false, ""sepset_selection"": ""first"", ""skeleton_stable"": false, ""sparsity_bound"": 3, ""verbose"": false}",fisher_z,fixed,0.001,in_process_algorithm_call,completed,,0.923076923076923,0.4615384615384615,0.923076923076923,0.6428571428571429,0.004743999998026993,102,0,"[{""endpoint_x"":""CIRCLE"",""endpoint_y"":""ARROW"",""x"":""ChamberTemp"",""y"":""DefectRate""},{""endpoint_x"":""CIRCLE"",""endpoint_y"":""CIRCLE"",""x"":""Maintenance"",""y"":""Vibration""},{""endpoint_x"":""CIRCLE"",""endpoint_y"":""CIRCLE"",""x"":""Operator"",""y"":""Pressure""},{""endpoint_x"":""CIRCLE"",""endpoint_y"":""ARROW"",""x"":""Pressure"",""y"":""DefectRate""},{""endpoint_x"":""CIRCLE"",""endpoint_y"":""CIRCLE"",""x"":""Setpoint"",""y"":""ChamberTemp""},{""endpoint_x"":""CIRCLE"",""endpoint_y"":""ARROW"",""x"":""Vibration"",""y"":""DefectRate""}]"
manufacturing_quality_r3,manufacturing_quality,3,2500,7,7,fci_engine.fci_plus.robust,FCI+,fci_engine,0.1.0,practical_robust,"{""alpha"": ""auto"", ""background_knowledge"": null, ""ci_test"": null, ""conservative_colliders"": true, ""conservative_orientation"": false, ""do_pdsep"": false, ""max_cond_set_size"": 3, ""max_path_length"": 4, ""orientation_strategy"": ""robust"", ""pdsep_stable"": true, ""sepset_selection"": ""max_pvalue"", ""skeleton_stable"": true, ""sparsity_bound"": 3, ""verbose"": false}",fisher_z,sample_size_auto,0.01,in_process_algorithm_call,completed,,1.0,0.8571428571428571,1.0,0.9285714285714286,0.007777000006171875,186,0,"[{""endpoint_x"":""CIRCLE"",""endpoint_y"":""ARROW"",""x"":""ChamberTemp"",""y"":""DefectRate""},{""endpoint_x"":""ARROW"",""endpoint_y"":""ARROW"",""x"":""ChamberTemp"",""y"":""Vibration""},{""endpoint_x"":""CIRCLE"",""endpoint_y"":""ARROW"",""x"":""Maintenance"",""y"":""Vibration""},{""endpoint_x"":""CIRCLE"",""endpoint_y"":""CIRCLE"",""x"":""Operator"",""y"":""Pressure""},{""endpoint_x"":""CIRCLE"",""endpoint_y"":""ARROW"",""x"":""Pressure"",""y"":""DefectRate""},{""endpoint_x"":""CIRCLE"",""endpoint_y"":""ARROW"",""x"":""Setpoint"",""y"":""ChamberTemp""},{""endpoint_x"":""CIRCLE"",""endpoint_y"":""ARROW"",""x"":""Vibration"",""y"":""DefectRate""}]"
manufacturing_quality_r3,manufacturing_quality,3,2500,7,7,causal-learn.fci.fisherz,FCI,causal-learn,0.1.4.7,documented_fci_api,"{""alpha"": 0.001, ""depth"": 3, ""max_path_length"": 4}",fisherz,fixed,0.001,in_process_algorithm_call,completed,,0.923076923076923,0.4615384615384615,0.923076923076923,0.6428571428571429,0.004577083003823645,,,"[{""endpoint_x"":""CIRCLE"",""endpoint_y"":""ARROW"",""x"":""ChamberTemp"",""y"":""DefectRate""},{""endpoint_x"":""CIRCLE"",""endpoint_y"":""CIRCLE"",""x"":""Maintenance"",""y"":""Vibration""},{""endpoint_x"":""CIRCLE"",""endpoint_y"":""CIRCLE"",""x"":""Operator"",""y"":""Pressure""},{""endpoint_x"":""CIRCLE"",""endpoint_y"":""ARROW"",""x"":""Pressure"",""y"":""DefectRate""},{""endpoint_x"":""CIRCLE"",""endpoint_y"":""CIRCLE"",""x"":""Setpoint"",""y"":""ChamberTemp""},{""endpoint_x"":""CIRCLE"",""endpoint_y"":""ARROW"",""x"":""Vibration"",""y"":""DefectRate""}]"
manufacturing_quality_r3,manufacturing_quality,3,2500,7,7,pcalg.fciPlus,FCI+,pcalg,2.7.12,pcalg_fciPlus_default,"{""alpha"": 0.001, ""indepTest"": ""gaussCItest"", ""selectionBias"": true}",gaussCItest,fixed,0.001,external_R_process_including_startup,completed,,0.923076923076923,0.4615384615384615,0.923076923076923,0.6428571428571429,0.4986557080046623,,,"[{""endpoint_x"":""CIRCLE"",""endpoint_y"":""ARROW"",""x"":""ChamberTemp"",""y"":""DefectRate""},{""endpoint_x"":""CIRCLE"",""endpoint_y"":""CIRCLE"",""x"":""Maintenance"",""y"":""Vibration""},{""endpoint_x"":""CIRCLE"",""endpoint_y"":""CIRCLE"",""x"":""Operator"",""y"":""Pressure""},{""endpoint_x"":""CIRCLE"",""endpoint_y"":""ARROW"",""x"":""Pressure"",""y"":""DefectRate""},{""endpoint_x"":""CIRCLE"",""endpoint_y"":""CIRCLE"",""x"":""Setpoint"",""y"":""ChamberTemp""},{""endpoint_x"":""CIRCLE"",""endpoint_y"":""ARROW"",""x"":""Vibration"",""y"":""DefectRate""}]"
enterprise_monitoring_r3,enterprise_monitoring,3,2500,12,13,fci_engine.fci,FCI,fci_engine,0.1.0,spirtes_2000_paper,"{""alpha"": 0.001, ""background_knowledge"": null, ""ci_test"": null, ""conservative_colliders"": false, ""conservative_orientation"": false, ""do_pdsep"": true, ""max_cond_set_size"": null, ""max_path_length"": null, ""orientation_strategy"": ""spirtes_2000"", ""pdsep_stable"": true, ""sepset_selection"": ""first"", ""skeleton_stable"": false, ""sparsity_bound"": null, ""verbose"": false}",fisher_z,fixed,0.001,in_process_algorithm_call,completed,,1.0,0.5384615384615384,1.0,0.7692307692307693,0.06131820799782872,1408,0,"[{""endpoint_x"":""TAIL"",""endpoint_y"":""ARROW"",""x"":""ApiCPU"",""y"":""ApiLatency""},{""endpoint_x"":""ARROW"",""endpoint_y"":""ARROW"",""x"":""ApiCPU"",""y"":""DbCPU""},{""endpoint_x"":""ARROW"",""endpoint_y"":""ARROW"",""x"":""ApiLatency"",""y"":""CheckoutLatency""},{""endpoint_x"":""ARROW"",""endpoint_y"":""ARROW"",""x"":""ApiLatency"",""y"":""DbLatency""},{""endpoint_x"":""CIRCLE"",""endpoint_y"":""ARROW"",""x"":""CacheMiss"",""y"":""DbLatency""},{""endpoint_x"":""CIRCLE"",""endpoint_y"":""CIRCLE"",""x"":""CachePolicy"",""y"":""CacheMiss""},{""endpoint_x"":""TAIL"",""endpoint_y"":""ARROW"",""x"":""CheckoutLatency"",""y"":""ErrorBudget""},{""endpoint_x"":""TAIL"",""endpoint_y"":""ARROW"",""x"":""DbCPU"",""y"":""DbLatency""},{""endpoint_x"":""TAIL"",""endpoint_y"":""ARROW"",""x"":""DbLatency"",""y"":""CheckoutLatency""},{""endpoint_x"":""CIRCLE"",""endpoint_y"":""ARROW"",""x"":""DeployA"",""y"":""ApiCPU""},{""endpoint_x"":""CIRCLE"",""endpoint_y"":""ARROW"",""x"":""DeployB"",""y"":""DbCPU""},{""endpoint_x"":""CIRCLE"",""endpoint_y"":""CIRCLE"",""x"":""Marketing"",""y"":""SearchQPS""},{""endpoint_x"":""CIRCLE"",""endpoint_y"":""ARROW"",""x"":""SearchQPS"",""y"":""ApiLatency""}]"
enterprise_monitoring_r3,enterprise_monitoring,3,2500,12,13,fci_engine.fci_plus,FCI+,fci_engine,0.1.0,claassen_2013_paper,"{""alpha"": 0.001, ""background_knowledge"": null, ""ci_test"": null, ""conservative_colliders"": false, ""conservative_orientation"": false, ""do_pdsep"": false, ""max_cond_set_size"": 3, ""max_path_length"": null, ""orientation_strategy"": ""standard"", ""pdsep_stable"": false, ""sepset_selection"": ""first"", ""skeleton_stable"": false, ""sparsity_bound"": 3, ""verbose"": false}",fisher_z,fixed,0.001,in_process_algorithm_call,completed,,1.0,0.5384615384615384,1.0,0.7692307692307693,0.020927208999637514,475,0,"[{""endpoint_x"":""TAIL"",""endpoint_y"":""ARROW"",""x"":""ApiCPU"",""y"":""ApiLatency""},{""endpoint_x"":""ARROW"",""endpoint_y"":""ARROW"",""x"":""ApiCPU"",""y"":""DbCPU""},{""endpoint_x"":""ARROW"",""endpoint_y"":""ARROW"",""x"":""ApiLatency"",""y"":""CheckoutLatency""},{""endpoint_x"":""ARROW"",""endpoint_y"":""ARROW"",""x"":""ApiLatency"",""y"":""DbLatency""},{""endpoint_x"":""CIRCLE"",""endpoint_y"":""ARROW"",""x"":""CacheMiss"",""y"":""DbLatency""},{""endpoint_x"":""CIRCLE"",""endpoint_y"":""CIRCLE"",""x"":""CachePolicy"",""y"":""CacheMiss""},{""endpoint_x"":""TAIL"",""endpoint_y"":""ARROW"",""x"":""CheckoutLatency"",""y"":""ErrorBudget""},{""endpoint_x"":""TAIL"",""endpoint_y"":""ARROW"",""x"":""DbCPU"",""y"":""DbLatency""},{""endpoint_x"":""TAIL"",""endpoint_y"":""ARROW"",""x"":""DbLatency"",""y"":""CheckoutLatency""},{""endpoint_x"":""CIRCLE"",""endpoint_y"":""ARROW"",""x"":""DeployA"",""y"":""ApiCPU""},{""endpoint_x"":""CIRCLE"",""endpoint_y"":""ARROW"",""x"":""DeployB"",""y"":""DbCPU""},{""endpoint_x"":""CIRCLE"",""endpoint_y"":""CIRCLE"",""x"":""Marketing"",""y"":""SearchQPS""},{""endpoint_x"":""CIRCLE"",""endpoint_y"":""ARROW"",""x"":""SearchQPS"",""y"":""ApiLatency""}]"
enterprise_monitoring_r3,enterprise_monitoring,3,2500,12,13,fci_engine.fci_plus.robust,FCI+,fci_engine,0.1.0,practical_robust,"{""alpha"": ""auto"", ""background_knowledge"": null, ""ci_test"": null, ""conservative_colliders"": true, ""conservative_orientation"": false, ""do_pdsep"": false, ""max_cond_set_size"": 3, ""max_path_length"": 4, ""orientation_strategy"": ""robust"", ""pdsep_stable"": true, ""sepset_selection"": ""max_pvalue"", ""skeleton_stable"": true, ""sparsity_bound"": 3, ""verbose"": false}",fisher_z,sample_size_auto,0.01,in_process_algorithm_call,completed,,1.0,0.6153846153846154,1.0,0.7692307692307693,0.04636979199858615,1140,36,"[{""endpoint_x"":""CIRCLE"",""endpoint_y"":""ARROW"",""x"":""ApiCPU"",""y"":""ApiLatency""},{""endpoint_x"":""ARROW"",""endpoint_y"":""ARROW"",""x"":""ApiCPU"",""y"":""DbCPU""},{""endpoint_x"":""CIRCLE"",""endpoint_y"":""CIRCLE"",""x"":""ApiLatency"",""y"":""CheckoutLatency""},{""endpoint_x"":""ARROW"",""endpoint_y"":""ARROW"",""x"":""ApiLatency"",""y"":""DbLatency""},{""endpoint_x"":""CIRCLE"",""endpoint_y"":""ARROW"",""x"":""CacheMiss"",""y"":""DbLatency""},{""endpoint_x"":""CIRCLE"",""endpoint_y"":""CIRCLE"",""x"":""CachePolicy"",""y"":""CacheMiss""},{""endpoint_x"":""CIRCLE"",""endpoint_y"":""CIRCLE"",""x"":""CheckoutLatency"",""y"":""ErrorBudget""},{""endpoint_x"":""CIRCLE"",""endpoint_y"":""ARROW"",""x"":""DbCPU"",""y"":""DbLatency""},{""endpoint_x"":""CIRCLE"",""endpoint_y"":""CIRCLE"",""x"":""DbLatency"",""y"":""CheckoutLatency""},{""endpoint_x"":""CIRCLE"",""endpoint_y"":""ARROW"",""x"":""DeployA"",""y"":""ApiCPU""},{""endpoint_x"":""CIRCLE"",""endpoint_y"":""ARROW"",""x"":""DeployB"",""y"":""DbCPU""},{""endpoint_x"":""CIRCLE"",""endpoint_y"":""CIRCLE"",""x"":""Marketing"",""y"":""SearchQPS""},{""endpoint_x"":""CIRCLE"",""endpoint_y"":""ARROW"",""x"":""SearchQPS"",""y"":""ApiLatency""}]"
enterprise_monitoring_r3,enterprise_monitoring,3,2500,12,13,causal-learn.fci.fisherz,FCI,causal-learn,0.1.4.7,documented_fci_api,"{""alpha"": 0.001, ""depth"": 3, ""max_path_length"": 4}",fisherz,fixed,0.001,in_process_algorithm_call,completed,,1.0,0.5384615384615384,1.0,0.7692307692307693,0.024602457997389138,,,"[{""endpoint_x"":""TAIL"",""endpoint_y"":""ARROW"",""x"":""ApiCPU"",""y"":""ApiLatency""},{""endpoint_x"":""ARROW"",""endpoint_y"":""ARROW"",""x"":""ApiCPU"",""y"":""DbCPU""},{""endpoint_x"":""ARROW"",""endpoint_y"":""ARROW"",""x"":""ApiLatency"",""y"":""CheckoutLatency""},{""endpoint_x"":""ARROW"",""endpoint_y"":""ARROW"",""x"":""ApiLatency"",""y"":""DbLatency""},{""endpoint_x"":""CIRCLE"",""endpoint_y"":""ARROW"",""x"":""CacheMiss"",""y"":""DbLatency""},{""endpoint_x"":""CIRCLE"",""endpoint_y"":""CIRCLE"",""x"":""CachePolicy"",""y"":""CacheMiss""},{""endpoint_x"":""TAIL"",""endpoint_y"":""ARROW"",""x"":""CheckoutLatency"",""y"":""ErrorBudget""},{""endpoint_x"":""TAIL"",""endpoint_y"":""ARROW"",""x"":""DbCPU"",""y"":""DbLatency""},{""endpoint_x"":""TAIL"",""endpoint_y"":""ARROW"",""x"":""DbLatency"",""y"":""CheckoutLatency""},{""endpoint_x"":""CIRCLE"",""endpoint_y"":""ARROW"",""x"":""DeployA"",""y"":""ApiCPU""},{""endpoint_x"":""CIRCLE"",""endpoint_y"":""ARROW"",""x"":""DeployB"",""y"":""DbCPU""},{""endpoint_x"":""CIRCLE"",""endpoint_y"":""CIRCLE"",""x"":""Marketing"",""y"":""SearchQPS""},{""endpoint_x"":""CIRCLE"",""endpoint_y"":""ARROW"",""x"":""SearchQPS"",""y"":""ApiLatency""}]"
enterprise_monitoring_r3,enterprise_monitoring,3,2500,12,13,pcalg.fciPlus,FCI+,pcalg,2.7.12,pcalg_fciPlus_default,"{""alpha"": 0.001, ""indepTest"": ""gaussCItest"", ""selectionBias"": true}",gaussCItest,fixed,0.001,external_R_process_including_startup,completed,,1.0,0.5384615384615384,1.0,0.7692307692307693,0.5163321669970173,,,"[{""endpoint_x"":""TAIL"",""endpoint_y"":""ARROW"",""x"":""ApiCPU"",""y"":""ApiLatency""},{""endpoint_x"":""ARROW"",""endpoint_y"":""ARROW"",""x"":""ApiCPU"",""y"":""DbCPU""},{""endpoint_x"":""ARROW"",""endpoint_y"":""ARROW"",""x"":""ApiLatency"",""y"":""CheckoutLatency""},{""endpoint_x"":""ARROW"",""endpoint_y"":""ARROW"",""x"":""ApiLatency"",""y"":""DbLatency""},{""endpoint_x"":""CIRCLE"",""endpoint_y"":""ARROW"",""x"":""CacheMiss"",""y"":""DbLatency""},{""endpoint_x"":""CIRCLE"",""endpoint_y"":""CIRCLE"",""x"":""CachePolicy"",""y"":""CacheMiss""},{""endpoint_x"":""TAIL"",""endpoint_y"":""ARROW"",""x"":""CheckoutLatency"",""y"":""ErrorBudget""},{""endpoint_x"":""TAIL"",""endpoint_y"":""ARROW"",""x"":""DbCPU"",""y"":""DbLatency""},{""endpoint_x"":""TAIL"",""endpoint_y"":""ARROW"",""x"":""DbLatency"",""y"":""CheckoutLatency""},{""endpoint_x"":""CIRCLE"",""endpoint_y"":""ARROW"",""x"":""DeployA"",""y"":""ApiCPU""},{""endpoint_x"":""CIRCLE"",""endpoint_y"":""ARROW"",""x"":""DeployB"",""y"":""DbCPU""},{""endpoint_x"":""CIRCLE"",""endpoint_y"":""CIRCLE"",""x"":""Marketing"",""y"":""SearchQPS""},{""endpoint_x"":""CIRCLE"",""endpoint_y"":""ARROW"",""x"":""SearchQPS"",""y"":""ApiLatency""}]"
